-13,-5,gQm+icwHwD7ZpUKV8fCL3wpRKwY=,o2dgAl1PCuKbCPjreSAsD9MZ0Bk=
-14,-5,gQm+icwHwD7ZpUKV8fCL3wpRKwY=,o2dgAl1PCuKbCPjreSAsD9MZ0Bk=
-15,-5,gQm+icwHwD7ZpUKV8fCL3wpRKwY=,o2dgAl1PCuKbCPjreSAsD9MZ0Bk=
-10,-6,gQm+icwHwD7ZpUKV8fCL3wpRKwY=,o2dgAl1PCuKbCPjreSAsD9MZ0Bk=
-11,-6,gQm+icwHwD7ZpUKV8fCL3wpRKwY=,o2dgAl1PCuKbCPjreSAsD9MZ0Bk=
-12,-6,gQm+icwHwD7ZpUKV8fCL3wpRKwY=,o2dgAl1PCuKbCPjreSAsD9MZ0Bk=
-13,-6,gQm+icwHwD7ZpUKV8fCL3wpRKwY=,o2dgAl1PCuKbCPjreSAsD9MZ0Bk=
-14,-6,gQm+icwHwD7ZpUKV8fCL3wpRKwY=,o2dgAl1PCuKbCPjreSAsD9MZ0Bk=
-10,-2,gQm+icwHwD7ZpUKV8fCL3wpRKwY=,o2dgAl1PCuKbCPjreSAsD9MZ0Bk=
-15,-6,gQm+icwHwD7ZpUKV8fCL3wpRKwY=,o2dgAl1PCuKbCPjreSAsD9MZ0Bk=
-11,-2,gQm+icwHwD7ZpUKV8fCL3wpRKwY=,o2dgAl1PCuKbCPjreSAsD9MZ0Bk=
-12,-2,gQm+icwHwD7ZpUKV8fCL3wpRKwY=,o2dgAl1PCuKbCPjreSAsD9MZ0Bk=
-13,-2,gQm+icwHwD7ZpUKV8fCL3wpRKwY=,o2dgAl1PCuKbCPjreSAsD9MZ0Bk=
-14,-2,gQm+icwHwD7ZpUKV8fCL3wpRKwY=,o2dgAl1PCuKbCPjreSAsD9MZ0Bk=
-15,-2,gQm+icwHwD7ZpUKV8fCL3wpRKwY=,o2dgAl1PCuKbCPjreSAsD9MZ0Bk=
-10,-3,gQm+icwHwD7ZpUKV8fCL3wpRKwY=,o2dgAl1PCuKbCPjreSAsD9MZ0Bk=
-11,-3,gQm+icwHwD7ZpUKV8fCL3wpRKwY=,o2dgAl1PCuKbCPjreSAsD9MZ0Bk=
-12,-3,gQm+icwHwD7ZpUKV8fCL3wpRKwY=,o2dgAl1PCuKbCPjreSAsD9MZ0Bk=
-13,-3,gQm+icwHwD7ZpUKV8fCL3wpRKwY=,o2dgAl1PCuKbCPjreSAsD9MZ0Bk=
-10,-7,gQm+icwHwD7ZpUKV8fCL3wpRKwY=,o2dgAl1PCuKbCPjreSAsD9MZ0Bk=
-11,-7,gQm+icwHwD7ZpUKV8fCL3wpRKwY=,o2dgAl1PCuKbCPjreSAsD9MZ0Bk=
-12,-7,gQm+icwHwD7ZpUKV8fCL3wpRKwY=,o2dgAl1PCuKbCPjreSAsD9MZ0Bk=
-14,-3,gQm+icwHwD7ZpUKV8fCL3wpRKwY=,o2dgAl1PCuKbCPjreSAsD9MZ0Bk=
-15,-3,gQm+icwHwD7ZpUKV8fCL3wpRKwY=,o2dgAl1PCuKbCPjreSAsD9MZ0Bk=
-13,-7,gQm+icwHwD7ZpUKV8fCL3wpRKwY=,o2dgAl1PCuKbCPjreSAsD9MZ0Bk=
-14,-7,gQm+icwHwD7ZpUKV8fCL3wpRKwY=,o2dgAl1PCuKbCPjreSAsD9MZ0Bk=
-15,-7,gQm+icwHwD7ZpUKV8fCL3wpRKwY=,o2dgAl1PCuKbCPjreSAsD9MZ0Bk=
-10,-4,gQm+icwHwD7ZpUKV8fCL3wpRKwY=,o2dgAl1PCuKbCPjreSAsD9MZ0Bk=
-11,-4,gQm+icwHwD7ZpUKV8fCL3wpRKwY=,o2dgAl1PCuKbCPjreSAsD9MZ0Bk=
-12,-4,gQm+icwHwD7ZpUKV8fCL3wpRKwY=,o2dgAl1PCuKbCPjreSAsD9MZ0Bk=
-13,-4,gQm+icwHwD7ZpUKV8fCL3wpRKwY=,o2dgAl1PCuKbCPjreSAsD9MZ0Bk=
-14,-4,gQm+icwHwD7ZpUKV8fCL3wpRKwY=,o2dgAl1PCuKbCPjreSAsD9MZ0Bk=
-15,-4,gQm+icwHwD7ZpUKV8fCL3wpRKwY=,o2dgAl1PCuKbCPjreSAsD9MZ0Bk=
-10,-5,gQm+icwHwD7ZpUKV8fCL3wpRKwY=,o2dgAl1PCuKbCPjreSAsD9MZ0Bk=
-11,-5,gQm+icwHwD7ZpUKV8fCL3wpRKwY=,o2dgAl1PCuKbCPjreSAsD9MZ0Bk=
-12,-5,gQm+icwHwD7ZpUKV8fCL3wpRKwY=,o2dgAl1PCuKbCPjreSAsD9MZ0Bk=
-10,-1,61q++Q1N3lGg0cVVNeQS3v/uJNw=,o2dgAl1PCuKbCPjreSAsD9MZ0Bk=
-11,-1,61q++Q1N3lGg0cVVNeQS3v/uJNw=,o2dgAl1PCuKbCPjreSAsD9MZ0Bk=
-12,-1,61q++Q1N3lGg0cVVNeQS3v/uJNw=,o2dgAl1PCuKbCPjreSAsD9MZ0Bk=
-13,-1,61q++Q1N3lGg0cVVNeQS3v/uJNw=,o2dgAl1PCuKbCPjreSAsD9MZ0Bk=
-14,-1,61q++Q1N3lGg0cVVNeQS3v/uJNw=,o2dgAl1PCuKbCPjreSAsD9MZ0Bk=
-15,-1,61q++Q1N3lGg0cVVNeQS3v/uJNw=,o2dgAl1PCuKbCPjreSAsD9MZ0Bk=
-16,-5,61q++Q1N3lGg0cVVNeQS3v/uJNw=,o2dgAl1PCuKbCPjreSAsD9MZ0Bk=
-16,-6,61q++Q1N3lGg0cVVNeQS3v/uJNw=,o2dgAl1PCuKbCPjreSAsD9MZ0Bk=
-16,-2,61q++Q1N3lGg0cVVNeQS3v/uJNw=,o2dgAl1PCuKbCPjreSAsD9MZ0Bk=
-16,-3,61q++Q1N3lGg0cVVNeQS3v/uJNw=,o2dgAl1PCuKbCPjreSAsD9MZ0Bk=
-16,-7,61q++Q1N3lGg0cVVNeQS3v/uJNw=,o2dgAl1PCuKbCPjreSAsD9MZ0Bk=
-16,-4,61q++Q1N3lGg0cVVNeQS3v/uJNw=,o2dgAl1PCuKbCPjreSAsD9MZ0Bk=
-16,-1,61q++Q1N3lGg0cVVNeQS3v/uJNw=,o2dgAl1PCuKbCPjreSAsD9MZ0Bk=
-3,-4,61q++Q1N3lGg0cVVNeQS3v/uJNw=,xbDXDqyAZGf50y62EDH/w+IoMGM=
-5,-3,61q++Q1N3lGg0cVVNeQS3v/uJNw=,xbDXDqyAZGf50y62EDH/w+IoMGM=
-9,-1,61q++Q1N3lGg0cVVNeQS3v/uJNw=,o2dgAl1PCuKbCPjreSAsD9MZ0Bk=
-6,-3,61q++Q1N3lGg0cVVNeQS3v/uJNw=,xbDXDqyAZGf50y62EDH/w+IoMGM=
-9,-6,61q++Q1N3lGg0cVVNeQS3v/uJNw=,o2dgAl1PCuKbCPjreSAsD9MZ0Bk=
-7,-3,61q++Q1N3lGg0cVVNeQS3v/uJNw=,xbDXDqyAZGf50y62EDH/w+IoMGM=
-9,-2,61q++Q1N3lGg0cVVNeQS3v/uJNw=,o2dgAl1PCuKbCPjreSAsD9MZ0Bk=
-1,-7,61q++Q1N3lGg0cVVNeQS3v/uJNw=,xbDXDqyAZGf50y62EDH/w+IoMGM=
-8,-3,61q++Q1N3lGg0cVVNeQS3v/uJNw=,xbDXDqyAZGf50y62EDH/w+IoMGM=
-1,-4,61q++Q1N3lGg0cVVNeQS3v/uJNw=,xbDXDqyAZGf50y62EDH/w+IoMGM=
-7,-7,61q++Q1N3lGg0cVVNeQS3v/uJNw=,xbDXDqyAZGf50y62EDH/w+IoMGM=
-2,-4,61q++Q1N3lGg0cVVNeQS3v/uJNw=,xbDXDqyAZGf50y62EDH/w+IoMGM=
-9,-3,61q++Q1N3lGg0cVVNeQS3v/uJNw=,o2dgAl1PCuKbCPjreSAsD9MZ0Bk=
-9,-7,61q++Q1N3lGg0cVVNeQS3v/uJNw=,o2dgAl1PCuKbCPjreSAsD9MZ0Bk=
-8,-7,61q++Q1N3lGg0cVVNeQS3v/uJNw=,xbDXDqyAZGf50y62EDH/w+IoMGM=
-1,-6,61q++Q1N3lGg0cVVNeQS3v/uJNw=,xbDXDqyAZGf50y62EDH/w+IoMGM=
-3,-5,61q++Q1N3lGg0cVVNeQS3v/uJNw=,xbDXDqyAZGf50y62EDH/w+IoMGM=
-4,-5,61q++Q1N3lGg0cVVNeQS3v/uJNw=,xbDXDqyAZGf50y62EDH/w+IoMGM=
-5,-5,61q++Q1N3lGg0cVVNeQS3v/uJNw=,xbDXDqyAZGf50y62EDH/w+IoMGM=
-6,-5,61q++Q1N3lGg0cVVNeQS3v/uJNw=,xbDXDqyAZGf50y62EDH/w+IoMGM=
-2,-7,61q++Q1N3lGg0cVVNeQS3v/uJNw=,xbDXDqyAZGf50y62EDH/w+IoMGM=
-7,-5,61q++Q1N3lGg0cVVNeQS3v/uJNw=,xbDXDqyAZGf50y62EDH/w+IoMGM=
-8,-5,61q++Q1N3lGg0cVVNeQS3v/uJNw=,xbDXDqyAZGf50y62EDH/w+IoMGM=
-2,-6,61q++Q1N3lGg0cVVNeQS3v/uJNw=,xbDXDqyAZGf50y62EDH/w+IoMGM=
-4,-4,61q++Q1N3lGg0cVVNeQS3v/uJNw=,xbDXDqyAZGf50y62EDH/w+IoMGM=
-5,-4,61q++Q1N3lGg0cVVNeQS3v/uJNw=,xbDXDqyAZGf50y62EDH/w+IoMGM=
-6,-4,61q++Q1N3lGg0cVVNeQS3v/uJNw=,xbDXDqyAZGf50y62EDH/w+IoMGM=
-7,-4,61q++Q1N3lGg0cVVNeQS3v/uJNw=,xbDXDqyAZGf50y62EDH/w+IoMGM=
-8,-4,61q++Q1N3lGg0cVVNeQS3v/uJNw=,xbDXDqyAZGf50y62EDH/w+IoMGM=
-1,-5,61q++Q1N3lGg0cVVNeQS3v/uJNw=,xbDXDqyAZGf50y62EDH/w+IoMGM=
-2,-5,61q++Q1N3lGg0cVVNeQS3v/uJNw=,xbDXDqyAZGf50y62EDH/w+IoMGM=
-3,-7,61q++Q1N3lGg0cVVNeQS3v/uJNw=,xbDXDqyAZGf50y62EDH/w+IoMGM=
-9,-4,61q++Q1N3lGg0cVVNeQS3v/uJNw=,o2dgAl1PCuKbCPjreSAsD9MZ0Bk=
-1,-1,61q++Q1N3lGg0cVVNeQS3v/uJNw=,xbDXDqyAZGf50y62EDH/w+IoMGM=
-2,-1,61q++Q1N3lGg0cVVNeQS3v/uJNw=,xbDXDqyAZGf50y62EDH/w+IoMGM=
-3,-1,61q++Q1N3lGg0cVVNeQS3v/uJNw=,xbDXDqyAZGf50y62EDH/w+IoMGM=
-13,-11,61q++Q1N3lGg0cVVNeQS3v/uJNw=,PE5MS2J2YvL1pDesFYAhTgT3IhQ=
-5,-13,61q++Q1N3lGg0cVVNeQS3v/uJNw=,BcCXxzDlwF90AKpxITHoKU1v1r0=
-4,-1,61q++Q1N3lGg0cVVNeQS3v/uJNw=,xbDXDqyAZGf50y62EDH/w+IoMGM=
-14,-11,61q++Q1N3lGg0cVVNeQS3v/uJNw=,PE5MS2J2YvL1pDesFYAhTgT3IhQ=
-6,-13,61q++Q1N3lGg0cVVNeQS3v/uJNw=,BcCXxzDlwF90AKpxITHoKU1v1r0=
-5,-1,61q++Q1N3lGg0cVVNeQS3v/uJNw=,xbDXDqyAZGf50y62EDH/w+IoMGM=
-15,-11,61q++Q1N3lGg0cVVNeQS3v/uJNw=,PE5MS2J2YvL1pDesFYAhTgT3IhQ=
-7,-13,61q++Q1N3lGg0cVVNeQS3v/uJNw=,BcCXxzDlwF90AKpxITHoKU1v1r0=
-6,-1,61q++Q1N3lGg0cVVNeQS3v/uJNw=,xbDXDqyAZGf50y62EDH/w+IoMGM=
-16,-11,61q++Q1N3lGg0cVVNeQS3v/uJNw=,PE5MS2J2YvL1pDesFYAhTgT3IhQ=
-7,-1,61q++Q1N3lGg0cVVNeQS3v/uJNw=,xbDXDqyAZGf50y62EDH/w+IoMGM=
-8,-13,61q++Q1N3lGg0cVVNeQS3v/uJNw=,BcCXxzDlwF90AKpxITHoKU1v1r0=
-10,-12,61q++Q1N3lGg0cVVNeQS3v/uJNw=,PE5MS2J2YvL1pDesFYAhTgT3IhQ=
-1,-14,61q++Q1N3lGg0cVVNeQS3v/uJNw=,BcCXxzDlwF90AKpxITHoKU1v1r0=
-4,-7,61q++Q1N3lGg0cVVNeQS3v/uJNw=,xbDXDqyAZGf50y62EDH/w+IoMGM=
-8,-1,61q++Q1N3lGg0cVVNeQS3v/uJNw=,xbDXDqyAZGf50y62EDH/w+IoMGM=
-11,-12,61q++Q1N3lGg0cVVNeQS3v/uJNw=,PE5MS2J2YvL1pDesFYAhTgT3IhQ=
-1,-2,61q++Q1N3lGg0cVVNeQS3v/uJNw=,xbDXDqyAZGf50y62EDH/w+IoMGM=
-2,-14,61q++Q1N3lGg0cVVNeQS3v/uJNw=,BcCXxzDlwF90AKpxITHoKU1v1r0=
-12,-12,61q++Q1N3lGg0cVVNeQS3v/uJNw=,PE5MS2J2YvL1pDesFYAhTgT3IhQ=
-2,-2,61q++Q1N3lGg0cVVNeQS3v/uJNw=,xbDXDqyAZGf50y62EDH/w+IoMGM=
-3,-14,61q++Q1N3lGg0cVVNeQS3v/uJNw=,BcCXxzDlwF90AKpxITHoKU1v1r0=
-3,-2,61q++Q1N3lGg0cVVNeQS3v/uJNw=,xbDXDqyAZGf50y62EDH/w+IoMGM=
-13,-12,61q++Q1N3lGg0cVVNeQS3v/uJNw=,PE5MS2J2YvL1pDesFYAhTgT3IhQ=
-4,-14,61q++Q1N3lGg0cVVNeQS3v/uJNw=,BcCXxzDlwF90AKpxITHoKU1v1r0=
-4,-2,61q++Q1N3lGg0cVVNeQS3v/uJNw=,xbDXDqyAZGf50y62EDH/w+IoMGM=
-14,-12,61q++Q1N3lGg0cVVNeQS3v/uJNw=,PE5MS2J2YvL1pDesFYAhTgT3IhQ=
-5,-14,61q++Q1N3lGg0cVVNeQS3v/uJNw=,BcCXxzDlwF90AKpxITHoKU1v1r0=
-5,-2,61q++Q1N3lGg0cVVNeQS3v/uJNw=,xbDXDqyAZGf50y62EDH/w+IoMGM=
-15,-12,61q++Q1N3lGg0cVVNeQS3v/uJNw=,PE5MS2J2YvL1pDesFYAhTgT3IhQ=
-6,-14,61q++Q1N3lGg0cVVNeQS3v/uJNw=,BcCXxzDlwF90AKpxITHoKU1v1r0=
-6,-2,61q++Q1N3lGg0cVVNeQS3v/uJNw=,xbDXDqyAZGf50y62EDH/w+IoMGM=
-16,-12,61q++Q1N3lGg0cVVNeQS3v/uJNw=,PE5MS2J2YvL1pDesFYAhTgT3IhQ=
-9,-12,61q++Q1N3lGg0cVVNeQS3v/uJNw=,PE5MS2J2YvL1pDesFYAhTgT3IhQ=
-7,-2,61q++Q1N3lGg0cVVNeQS3v/uJNw=,xbDXDqyAZGf50y62EDH/w+IoMGM=
-10,-13,61q++Q1N3lGg0cVVNeQS3v/uJNw=,PE5MS2J2YvL1pDesFYAhTgT3IhQ=
-1,-9,61q++Q1N3lGg0cVVNeQS3v/uJNw=,BcCXxzDlwF90AKpxITHoKU1v1r0=
-3,-6,61q++Q1N3lGg0cVVNeQS3v/uJNw=,xbDXDqyAZGf50y62EDH/w+IoMGM=
-11,-13,61q++Q1N3lGg0cVVNeQS3v/uJNw=,PE5MS2J2YvL1pDesFYAhTgT3IhQ=
-2,-9,61q++Q1N3lGg0cVVNeQS3v/uJNw=,BcCXxzDlwF90AKpxITHoKU1v1r0=
-4,-6,61q++Q1N3lGg0cVVNeQS3v/uJNw=,xbDXDqyAZGf50y62EDH/w+IoMGM=
-12,-13,61q++Q1N3lGg0cVVNeQS3v/uJNw=,PE5MS2J2YvL1pDesFYAhTgT3IhQ=
-3,-9,61q++Q1N3lGg0cVVNeQS3v/uJNw=,BcCXxzDlwF90AKpxITHoKU1v1r0=
-5,-6,61q++Q1N3lGg0cVVNeQS3v/uJNw=,xbDXDqyAZGf50y62EDH/w+IoMGM=
-13,-13,61q++Q1N3lGg0cVVNeQS3v/uJNw=,PE5MS2J2YvL1pDesFYAhTgT3IhQ=
-9,-13,61q++Q1N3lGg0cVVNeQS3v/uJNw=,PE5MS2J2YvL1pDesFYAhTgT3IhQ=
-8,-2,61q++Q1N3lGg0cVVNeQS3v/uJNw=,xbDXDqyAZGf50y62EDH/w+IoMGM=
-14,-13,61q++Q1N3lGg0cVVNeQS3v/uJNw=,PE5MS2J2YvL1pDesFYAhTgT3IhQ=
-7,-14,61q++Q1N3lGg0cVVNeQS3v/uJNw=,BcCXxzDlwF90AKpxITHoKU1v1r0=
-6,-6,61q++Q1N3lGg0cVVNeQS3v/uJNw=,xbDXDqyAZGf50y62EDH/w+IoMGM=
-15,-13,61q++Q1N3lGg0cVVNeQS3v/uJNw=,PE5MS2J2YvL1pDesFYAhTgT3IhQ=
-4,-9,61q++Q1N3lGg0cVVNeQS3v/uJNw=,BcCXxzDlwF90AKpxITHoKU1v1r0=
-5,-7,61q++Q1N3lGg0cVVNeQS3v/uJNw=,xbDXDqyAZGf50y62EDH/w+IoMGM=
-16,-13,61q++Q1N3lGg0cVVNeQS3v/uJNw=,PE5MS2J2YvL1pDesFYAhTgT3IhQ=
-5,-9,61q++Q1N3lGg0cVVNeQS3v/uJNw=,BcCXxzDlwF90AKpxITHoKU1v1r0=
-1,-3,61q++Q1N3lGg0cVVNeQS3v/uJNw=,xbDXDqyAZGf50y62EDH/w+IoMGM=
-10,-14,61q++Q1N3lGg0cVVNeQS3v/uJNw=,PE5MS2J2YvL1pDesFYAhTgT3IhQ=
-9,-5,61q++Q1N3lGg0cVVNeQS3v/uJNw=,o2dgAl1PCuKbCPjreSAsD9MZ0Bk=
-5,-8,61q++Q1N3lGg0cVVNeQS3v/uJNw=,xbDXDqyAZGf50y62EDH/w+IoMGM=
-11,-14,61q++Q1N3lGg0cVVNeQS3v/uJNw=,PE5MS2J2YvL1pDesFYAhTgT3IhQ=
-6,-9,61q++Q1N3lGg0cVVNeQS3v/uJNw=,BcCXxzDlwF90AKpxITHoKU1v1r0=
-2,-3,61q++Q1N3lGg0cVVNeQS3v/uJNw=,xbDXDqyAZGf50y62EDH/w+IoMGM=
-7,-6,61q++Q1N3lGg0cVVNeQS3v/uJNw=,xbDXDqyAZGf50y62EDH/w+IoMGM=
-12,-14,61q++Q1N3lGg0cVVNeQS3v/uJNw=,PE5MS2J2YvL1pDesFYAhTgT3IhQ=
-8,-14,61q++Q1N3lGg0cVVNeQS3v/uJNw=,BcCXxzDlwF90AKpxITHoKU1v1r0=
-8,-6,61q++Q1N3lGg0cVVNeQS3v/uJNw=,xbDXDqyAZGf50y62EDH/w+IoMGM=
-3,-3,61q++Q1N3lGg0cVVNeQS3v/uJNw=,xbDXDqyAZGf50y62EDH/w+IoMGM=
-13,-14,61q++Q1N3lGg0cVVNeQS3v/uJNw=,PE5MS2J2YvL1pDesFYAhTgT3IhQ=
-1,-15,61q++Q1N3lGg0cVVNeQS3v/uJNw=,BcCXxzDlwF90AKpxITHoKU1v1r0=
-6,-7,61q++Q1N3lGg0cVVNeQS3v/uJNw=,xbDXDqyAZGf50y62EDH/w+IoMGM=
-14,-14,61q++Q1N3lGg0cVVNeQS3v/uJNw=,PE5MS2J2YvL1pDesFYAhTgT3IhQ=
-2,-15,61q++Q1N3lGg0cVVNeQS3v/uJNw=,BcCXxzDlwF90AKpxITHoKU1v1r0=
-4,-3,61q++Q1N3lGg0cVVNeQS3v/uJNw=,xbDXDqyAZGf50y62EDH/w+IoMGM=
-15,-14,61q++Q1N3lGg0cVVNeQS3v/uJNw=,PE5MS2J2YvL1pDesFYAhTgT3IhQ=
-7,-9,61q++Q1N3lGg0cVVNeQS3v/uJNw=,BcCXxzDlwF90AKpxITHoKU1v1r0=
-16,-14,61q++Q1N3lGg0cVVNeQS3v/uJNw=,PE5MS2J2YvL1pDesFYAhTgT3IhQ=
-8,-9,61q++Q1N3lGg0cVVNeQS3v/uJNw=,BcCXxzDlwF90AKpxITHoKU1v1r0=
-1,-10,61q++Q1N3lGg0cVVNeQS3v/uJNw=,BcCXxzDlwF90AKpxITHoKU1v1r0=
-10,-15,61q++Q1N3lGg0cVVNeQS3v/uJNw=,PE5MS2J2YvL1pDesFYAhTgT3IhQ=
-3,-15,61q++Q1N3lGg0cVVNeQS3v/uJNw=,BcCXxzDlwF90AKpxITHoKU1v1r0=
-11,-15,61q++Q1N3lGg0cVVNeQS3v/uJNw=,PE5MS2J2YvL1pDesFYAhTgT3IhQ=
-2,-10,61q++Q1N3lGg0cVVNeQS3v/uJNw=,BcCXxzDlwF90AKpxITHoKU1v1r0=
-12,-15,61q++Q1N3lGg0cVVNeQS3v/uJNw=,PE5MS2J2YvL1pDesFYAhTgT3IhQ=
-13,-15,61q++Q1N3lGg0cVVNeQS3v/uJNw=,PE5MS2J2YvL1pDesFYAhTgT3IhQ=
-3,-10,61q++Q1N3lGg0cVVNeQS3v/uJNw=,BcCXxzDlwF90AKpxITHoKU1v1r0=
-14,-15,61q++Q1N3lGg0cVVNeQS3v/uJNw=,PE5MS2J2YvL1pDesFYAhTgT3IhQ=
-4,-10,61q++Q1N3lGg0cVVNeQS3v/uJNw=,BcCXxzDlwF90AKpxITHoKU1v1r0=
-15,-15,61q++Q1N3lGg0cVVNeQS3v/uJNw=,PE5MS2J2YvL1pDesFYAhTgT3IhQ=
-4,-15,61q++Q1N3lGg0cVVNeQS3v/uJNw=,BcCXxzDlwF90AKpxITHoKU1v1r0=
-5,-10,61q++Q1N3lGg0cVVNeQS3v/uJNw=,BcCXxzDlwF90AKpxITHoKU1v1r0=
-16,-15,61q++Q1N3lGg0cVVNeQS3v/uJNw=,PE5MS2J2YvL1pDesFYAhTgT3IhQ=
-6,-10,61q++Q1N3lGg0cVVNeQS3v/uJNw=,BcCXxzDlwF90AKpxITHoKU1v1r0=
-7,-10,61q++Q1N3lGg0cVVNeQS3v/uJNw=,BcCXxzDlwF90AKpxITHoKU1v1r0=
-10,-16,61q++Q1N3lGg0cVVNeQS3v/uJNw=,PE5MS2J2YvL1pDesFYAhTgT3IhQ=
-10,-8,61q++Q1N3lGg0cVVNeQS3v/uJNw=,o2dgAl1PCuKbCPjreSAsD9MZ0Bk=
-11,-8,61q++Q1N3lGg0cVVNeQS3v/uJNw=,o2dgAl1PCuKbCPjreSAsD9MZ0Bk=
-9,-14,61q++Q1N3lGg0cVVNeQS3v/uJNw=,PE5MS2J2YvL1pDesFYAhTgT3IhQ=
-8,-10,61q++Q1N3lGg0cVVNeQS3v/uJNw=,BcCXxzDlwF90AKpxITHoKU1v1r0=
-12,-8,61q++Q1N3lGg0cVVNeQS3v/uJNw=,o2dgAl1PCuKbCPjreSAsD9MZ0Bk=
-1,-11,61q++Q1N3lGg0cVVNeQS3v/uJNw=,BcCXxzDlwF90AKpxITHoKU1v1r0=
-13,-8,61q++Q1N3lGg0cVVNeQS3v/uJNw=,o2dgAl1PCuKbCPjreSAsD9MZ0Bk=
-11,-16,61q++Q1N3lGg0cVVNeQS3v/uJNw=,PE5MS2J2YvL1pDesFYAhTgT3IhQ=
-2,-11,61q++Q1N3lGg0cVVNeQS3v/uJNw=,BcCXxzDlwF90AKpxITHoKU1v1r0=
-14,-8,61q++Q1N3lGg0cVVNeQS3v/uJNw=,o2dgAl1PCuKbCPjreSAsD9MZ0Bk=
-15,-8,61q++Q1N3lGg0cVVNeQS3v/uJNw=,o2dgAl1PCuKbCPjreSAsD9MZ0Bk=
-1,-8,61q++Q1N3lGg0cVVNeQS3v/uJNw=,xbDXDqyAZGf50y62EDH/w+IoMGM=
-3,-11,61q++Q1N3lGg0cVVNeQS3v/uJNw=,BcCXxzDlwF90AKpxITHoKU1v1r0=
-16,-8,61q++Q1N3lGg0cVVNeQS3v/uJNw=,o2dgAl1PCuKbCPjreSAsD9MZ0Bk=
-5,-15,61q++Q1N3lGg0cVVNeQS3v/uJNw=,BcCXxzDlwF90AKpxITHoKU1v1r0=
-12,-16,61q++Q1N3lGg0cVVNeQS3v/uJNw=,PE5MS2J2YvL1pDesFYAhTgT3IhQ=
-13,-16,61q++Q1N3lGg0cVVNeQS3v/uJNw=,PE5MS2J2YvL1pDesFYAhTgT3IhQ=
-4,-11,61q++Q1N3lGg0cVVNeQS3v/uJNw=,BcCXxzDlwF90AKpxITHoKU1v1r0=
-14,-16,61q++Q1N3lGg0cVVNeQS3v/uJNw=,PE5MS2J2YvL1pDesFYAhTgT3IhQ=
-5,-11,61q++Q1N3lGg0cVVNeQS3v/uJNw=,BcCXxzDlwF90AKpxITHoKU1v1r0=
-2,-8,61q++Q1N3lGg0cVVNeQS3v/uJNw=,xbDXDqyAZGf50y62EDH/w+IoMGM=
-15,-16,61q++Q1N3lGg0cVVNeQS3v/uJNw=,PE5MS2J2YvL1pDesFYAhTgT3IhQ=
-6,-8,61q++Q1N3lGg0cVVNeQS3v/uJNw=,xbDXDqyAZGf50y62EDH/w+IoMGM=
-10,-9,61q++Q1N3lGg0cVVNeQS3v/uJNw=,PE5MS2J2YvL1pDesFYAhTgT3IhQ=
-9,-15,61q++Q1N3lGg0cVVNeQS3v/uJNw=,PE5MS2J2YvL1pDesFYAhTgT3IhQ=
-11,-9,61q++Q1N3lGg0cVVNeQS3v/uJNw=,PE5MS2J2YvL1pDesFYAhTgT3IhQ=
-12,-9,61q++Q1N3lGg0cVVNeQS3v/uJNw=,PE5MS2J2YvL1pDesFYAhTgT3IhQ=
-6,-15,61q++Q1N3lGg0cVVNeQS3v/uJNw=,BcCXxzDlwF90AKpxITHoKU1v1r0=
-13,-9,61q++Q1N3lGg0cVVNeQS3v/uJNw=,PE5MS2J2YvL1pDesFYAhTgT3IhQ=
-7,-8,61q++Q1N3lGg0cVVNeQS3v/uJNw=,xbDXDqyAZGf50y62EDH/w+IoMGM=
-16,-16,61q++Q1N3lGg0cVVNeQS3v/uJNw=,PE5MS2J2YvL1pDesFYAhTgT3IhQ=
-14,-9,61q++Q1N3lGg0cVVNeQS3v/uJNw=,PE5MS2J2YvL1pDesFYAhTgT3IhQ=
-7,-15,61q++Q1N3lGg0cVVNeQS3v/uJNw=,BcCXxzDlwF90AKpxITHoKU1v1r0=
-15,-9,61q++Q1N3lGg0cVVNeQS3v/uJNw=,PE5MS2J2YvL1pDesFYAhTgT3IhQ=
-16,-9,61q++Q1N3lGg0cVVNeQS3v/uJNw=,PE5MS2J2YvL1pDesFYAhTgT3IhQ=
-8,-15,61q++Q1N3lGg0cVVNeQS3v/uJNw=,BcCXxzDlwF90AKpxITHoKU1v1r0=
-10,-10,61q++Q1N3lGg0cVVNeQS3v/uJNw=,PE5MS2J2YvL1pDesFYAhTgT3IhQ=
-1,-16,61q++Q1N3lGg0cVVNeQS3v/uJNw=,BcCXxzDlwF90AKpxITHoKU1v1r0=
-11,-10,61q++Q1N3lGg0cVVNeQS3v/uJNw=,PE5MS2J2YvL1pDesFYAhTgT3IhQ=
-12,-10,61q++Q1N3lGg0cVVNeQS3v/uJNw=,PE5MS2J2YvL1pDesFYAhTgT3IhQ=
-2,-16,61q++Q1N3lGg0cVVNeQS3v/uJNw=,BcCXxzDlwF90AKpxITHoKU1v1r0=
-13,-10,61q++Q1N3lGg0cVVNeQS3v/uJNw=,PE5MS2J2YvL1pDesFYAhTgT3IhQ=
-3,-16,61q++Q1N3lGg0cVVNeQS3v/uJNw=,BcCXxzDlwF90AKpxITHoKU1v1r0=
-14,-10,61q++Q1N3lGg0cVVNeQS3v/uJNw=,PE5MS2J2YvL1pDesFYAhTgT3IhQ=
-6,-11,61q++Q1N3lGg0cVVNeQS3v/uJNw=,BcCXxzDlwF90AKpxITHoKU1v1r0=
-7,-11,61q++Q1N3lGg0cVVNeQS3v/uJNw=,BcCXxzDlwF90AKpxITHoKU1v1r0=
-15,-10,61q++Q1N3lGg0cVVNeQS3v/uJNw=,PE5MS2J2YvL1pDesFYAhTgT3IhQ=
-16,-10,61q++Q1N3lGg0cVVNeQS3v/uJNw=,PE5MS2J2YvL1pDesFYAhTgT3IhQ=
-8,-11,61q++Q1N3lGg0cVVNeQS3v/uJNw=,BcCXxzDlwF90AKpxITHoKU1v1r0=
-10,-11,61q++Q1N3lGg0cVVNeQS3v/uJNw=,PE5MS2J2YvL1pDesFYAhTgT3IhQ=
-4,-16,61q++Q1N3lGg0cVVNeQS3v/uJNw=,BcCXxzDlwF90AKpxITHoKU1v1r0=
-11,-11,61q++Q1N3lGg0cVVNeQS3v/uJNw=,PE5MS2J2YvL1pDesFYAhTgT3IhQ=
-1,-12,61q++Q1N3lGg0cVVNeQS3v/uJNw=,BcCXxzDlwF90AKpxITHoKU1v1r0=
-12,-11,61q++Q1N3lGg0cVVNeQS3v/uJNw=,PE5MS2J2YvL1pDesFYAhTgT3IhQ=
-5,-16,61q++Q1N3lGg0cVVNeQS3v/uJNw=,BcCXxzDlwF90AKpxITHoKU1v1r0=
-2,-12,61q++Q1N3lGg0cVVNeQS3v/uJNw=,BcCXxzDlwF90AKpxITHoKU1v1r0=
-3,-12,61q++Q1N3lGg0cVVNeQS3v/uJNw=,BcCXxzDlwF90AKpxITHoKU1v1r0=
-6,-16,61q++Q1N3lGg0cVVNeQS3v/uJNw=,BcCXxzDlwF90AKpxITHoKU1v1r0=
-3,-8,61q++Q1N3lGg0cVVNeQS3v/uJNw=,xbDXDqyAZGf50y62EDH/w+IoMGM=
-7,-16,61q++Q1N3lGg0cVVNeQS3v/uJNw=,BcCXxzDlwF90AKpxITHoKU1v1r0=
-8,-16,61q++Q1N3lGg0cVVNeQS3v/uJNw=,BcCXxzDlwF90AKpxITHoKU1v1r0=
-9,-16,61q++Q1N3lGg0cVVNeQS3v/uJNw=,PE5MS2J2YvL1pDesFYAhTgT3IhQ=
-4,-12,61q++Q1N3lGg0cVVNeQS3v/uJNw=,BcCXxzDlwF90AKpxITHoKU1v1r0=
-5,-12,61q++Q1N3lGg0cVVNeQS3v/uJNw=,BcCXxzDlwF90AKpxITHoKU1v1r0=
-9,-8,61q++Q1N3lGg0cVVNeQS3v/uJNw=,o2dgAl1PCuKbCPjreSAsD9MZ0Bk=
-6,-12,61q++Q1N3lGg0cVVNeQS3v/uJNw=,BcCXxzDlwF90AKpxITHoKU1v1r0=
-7,-12,61q++Q1N3lGg0cVVNeQS3v/uJNw=,BcCXxzDlwF90AKpxITHoKU1v1r0=
-8,-12,61q++Q1N3lGg0cVVNeQS3v/uJNw=,BcCXxzDlwF90AKpxITHoKU1v1r0=
-1,-13,61q++Q1N3lGg0cVVNeQS3v/uJNw=,BcCXxzDlwF90AKpxITHoKU1v1r0=
-4,-8,61q++Q1N3lGg0cVVNeQS3v/uJNw=,xbDXDqyAZGf50y62EDH/w+IoMGM=
-9,-9,61q++Q1N3lGg0cVVNeQS3v/uJNw=,PE5MS2J2YvL1pDesFYAhTgT3IhQ=
-2,-13,61q++Q1N3lGg0cVVNeQS3v/uJNw=,BcCXxzDlwF90AKpxITHoKU1v1r0=
-8,-8,61q++Q1N3lGg0cVVNeQS3v/uJNw=,xbDXDqyAZGf50y62EDH/w+IoMGM=
-9,-10,61q++Q1N3lGg0cVVNeQS3v/uJNw=,PE5MS2J2YvL1pDesFYAhTgT3IhQ=
-9,-11,61q++Q1N3lGg0cVVNeQS3v/uJNw=,PE5MS2J2YvL1pDesFYAhTgT3IhQ=
-3,-13,61q++Q1N3lGg0cVVNeQS3v/uJNw=,BcCXxzDlwF90AKpxITHoKU1v1r0=
-4,-13,61q++Q1N3lGg0cVVNeQS3v/uJNw=,BcCXxzDlwF90AKpxITHoKU1v1r0=
-13,-21,S/3Dx1ylNIrNJq+RsCBvU9lsGqw=,23dOVAFBlDyk9aX5E96Dza8VsG4=
-14,-21,S/3Dx1ylNIrNJq+RsCBvU9lsGqw=,23dOVAFBlDyk9aX5E96Dza8VsG4=
-15,-21,S/3Dx1ylNIrNJq+RsCBvU9lsGqw=,23dOVAFBlDyk9aX5E96Dza8VsG4=
-2,-26,S/3Dx1ylNIrNJq+RsCBvU9lsGqw=,CAB8RwQckyiCpmjoZqVaIIGdtvI=
-10,-22,S/3Dx1ylNIrNJq+RsCBvU9lsGqw=,23dOVAFBlDyk9aX5E96Dza8VsG4=
-5,-25,S/3Dx1ylNIrNJq+RsCBvU9lsGqw=,CAB8RwQckyiCpmjoZqVaIIGdtvI=
-3,-26,S/3Dx1ylNIrNJq+RsCBvU9lsGqw=,CAB8RwQckyiCpmjoZqVaIIGdtvI=
-6,-25,S/3Dx1ylNIrNJq+RsCBvU9lsGqw=,CAB8RwQckyiCpmjoZqVaIIGdtvI=
-11,-22,S/3Dx1ylNIrNJq+RsCBvU9lsGqw=,23dOVAFBlDyk9aX5E96Dza8VsG4=
-4,-26,S/3Dx1ylNIrNJq+RsCBvU9lsGqw=,CAB8RwQckyiCpmjoZqVaIIGdtvI=
-9,-22,S/3Dx1ylNIrNJq+RsCBvU9lsGqw=,23dOVAFBlDyk9aX5E96Dza8VsG4=
-12,-22,S/3Dx1ylNIrNJq+RsCBvU9lsGqw=,23dOVAFBlDyk9aX5E96Dza8VsG4=
-13,-27,S/3Dx1ylNIrNJq+RsCBvU9lsGqw=,pRXXycsZWamv2Jvzg2sTlee7UHk=
-5,-26,S/3Dx1ylNIrNJq+RsCBvU9lsGqw=,CAB8RwQckyiCpmjoZqVaIIGdtvI=
-13,-22,S/3Dx1ylNIrNJq+RsCBvU9lsGqw=,23dOVAFBlDyk9aX5E96Dza8VsG4=
-5,-22,S/3Dx1ylNIrNJq+RsCBvU9lsGqw=,n8SLQ7zEAXYp1204a+FmxjCqIEM=
-14,-27,S/3Dx1ylNIrNJq+RsCBvU9lsGqw=,pRXXycsZWamv2Jvzg2sTlee7UHk=
-6,-26,S/3Dx1ylNIrNJq+RsCBvU9lsGqw=,CAB8RwQckyiCpmjoZqVaIIGdtvI=
-14,-22,S/3Dx1ylNIrNJq+RsCBvU9lsGqw=,23dOVAFBlDyk9aX5E96Dza8VsG4=
-6,-22,S/3Dx1ylNIrNJq+RsCBvU9lsGqw=,n8SLQ7zEAXYp1204a+FmxjCqIEM=
-15,-27,S/3Dx1ylNIrNJq+RsCBvU9lsGqw=,pRXXycsZWamv2Jvzg2sTlee7UHk=
-7,-26,S/3Dx1ylNIrNJq+RsCBvU9lsGqw=,CAB8RwQckyiCpmjoZqVaIIGdtvI=
-15,-22,S/3Dx1ylNIrNJq+RsCBvU9lsGqw=,23dOVAFBlDyk9aX5E96Dza8VsG4=
-7,-22,S/3Dx1ylNIrNJq+RsCBvU9lsGqw=,n8SLQ7zEAXYp1204a+FmxjCqIEM=
-9,-28,S/3Dx1ylNIrNJq+RsCBvU9lsGqw=,pRXXycsZWamv2Jvzg2sTlee7UHk=
-2,-27,S/3Dx1ylNIrNJq+RsCBvU9lsGqw=,CAB8RwQckyiCpmjoZqVaIIGdtvI=
-10,-23,S/3Dx1ylNIrNJq+RsCBvU9lsGqw=,23dOVAFBlDyk9aX5E96Dza8VsG4=
-5,-23,S/3Dx1ylNIrNJq+RsCBvU9lsGqw=,n8SLQ7zEAXYp1204a+FmxjCqIEM=
-3,-27,S/3Dx1ylNIrNJq+RsCBvU9lsGqw=,CAB8RwQckyiCpmjoZqVaIIGdtvI=
-10,-28,S/3Dx1ylNIrNJq+RsCBvU9lsGqw=,pRXXycsZWamv2Jvzg2sTlee7UHk=
-11,-23,S/3Dx1ylNIrNJq+RsCBvU9lsGqw=,23dOVAFBlDyk9aX5E96Dza8VsG4=
-8,-22,S/3Dx1ylNIrNJq+RsCBvU9lsGqw=,n8SLQ7zEAXYp1204a+FmxjCqIEM=
-4,-27,S/3Dx1ylNIrNJq+RsCBvU9lsGqw=,CAB8RwQckyiCpmjoZqVaIIGdtvI=
-12,-23,S/3Dx1ylNIrNJq+RsCBvU9lsGqw=,23dOVAFBlDyk9aX5E96Dza8VsG4=
-11,-28,S/3Dx1ylNIrNJq+RsCBvU9lsGqw=,pRXXycsZWamv2Jvzg2sTlee7UHk=
-2,-23,S/3Dx1ylNIrNJq+RsCBvU9lsGqw=,n8SLQ7zEAXYp1204a+FmxjCqIEM=
-5,-27,S/3Dx1ylNIrNJq+RsCBvU9lsGqw=,CAB8RwQckyiCpmjoZqVaIIGdtvI=
-8,-25,S/3Dx1ylNIrNJq+RsCBvU9lsGqw=,CAB8RwQckyiCpmjoZqVaIIGdtvI=
-13,-23,S/3Dx1ylNIrNJq+RsCBvU9lsGqw=,23dOVAFBlDyk9aX5E96Dza8VsG4=
-7,-25,S/3Dx1ylNIrNJq+RsCBvU9lsGqw=,CAB8RwQckyiCpmjoZqVaIIGdtvI=
-6,-27,S/3Dx1ylNIrNJq+RsCBvU9lsGqw=,CAB8RwQckyiCpmjoZqVaIIGdtvI=
-14,-23,S/3Dx1ylNIrNJq+RsCBvU9lsGqw=,23dOVAFBlDyk9aX5E96Dza8VsG4=
-3,-23,S/3Dx1ylNIrNJq+RsCBvU9lsGqw=,n8SLQ7zEAXYp1204a+FmxjCqIEM=
-12,-28,S/3Dx1ylNIrNJq+RsCBvU9lsGqw=,pRXXycsZWamv2Jvzg2sTlee7UHk=
-7,-27,S/3Dx1ylNIrNJq+RsCBvU9lsGqw=,CAB8RwQckyiCpmjoZqVaIIGdtvI=
-8,-24,S/3Dx1ylNIrNJq+RsCBvU9lsGqw=,n8SLQ7zEAXYp1204a+FmxjCqIEM=
-15,-23,S/3Dx1ylNIrNJq+RsCBvU9lsGqw=,23dOVAFBlDyk9aX5E96Dza8VsG4=
-2,-28,S/3Dx1ylNIrNJq+RsCBvU9lsGqw=,CAB8RwQckyiCpmjoZqVaIIGdtvI=
-7,-19,S/3Dx1ylNIrNJq+RsCBvU9lsGqw=,n8SLQ7zEAXYp1204a+FmxjCqIEM=
-3,-28,S/3Dx1ylNIrNJq+RsCBvU9lsGqw=,CAB8RwQckyiCpmjoZqVaIIGdtvI=
-10,-18,S/3Dx1ylNIrNJq+RsCBvU9lsGqw=,23dOVAFBlDyk9aX5E96Dza8VsG4=
-8,-19,S/3Dx1ylNIrNJq+RsCBvU9lsGqw=,n8SLQ7zEAXYp1204a+FmxjCqIEM=
-13,-28,S/3Dx1ylNIrNJq+RsCBvU9lsGqw=,pRXXycsZWamv2Jvzg2sTlee7UHk=
-4,-28,S/3Dx1ylNIrNJq+RsCBvU9lsGqw=,CAB8RwQckyiCpmjoZqVaIIGdtvI=
-11,-18,S/3Dx1ylNIrNJq+RsCBvU9lsGqw=,23dOVAFBlDyk9aX5E96Dza8VsG4=
-5,-28,S/3Dx1ylNIrNJq+RsCBvU9lsGqw=,CAB8RwQckyiCpmjoZqVaIIGdtvI=
-14,-28,S/3Dx1ylNIrNJq+RsCBvU9lsGqw=,pRXXycsZWamv2Jvzg2sTlee7UHk=
-2,-19,S/3Dx1ylNIrNJq+RsCBvU9lsGqw=,n8SLQ7zEAXYp1204a+FmxjCqIEM=
-12,-18,S/3Dx1ylNIrNJq+RsCBvU9lsGqw=,23dOVAFBlDyk9aX5E96Dza8VsG4=
-6,-28,S/3Dx1ylNIrNJq+RsCBvU9lsGqw=,CAB8RwQckyiCpmjoZqVaIIGdtvI=
-15,-28,S/3Dx1ylNIrNJq+RsCBvU9lsGqw=,pRXXycsZWamv2Jvzg2sTlee7UHk=
-9,-23,S/3Dx1ylNIrNJq+RsCBvU9lsGqw=,23dOVAFBlDyk9aX5E96Dza8VsG4=
-13,-18,S/3Dx1ylNIrNJq+RsCBvU9lsGqw=,23dOVAFBlDyk9aX5E96Dza8VsG4=
-7,-28,S/3Dx1ylNIrNJq+RsCBvU9lsGqw=,CAB8RwQckyiCpmjoZqVaIIGdtvI=
-6,-23,S/3Dx1ylNIrNJq+RsCBvU9lsGqw=,n8SLQ7zEAXYp1204a+FmxjCqIEM=
-9,-29,S/3Dx1ylNIrNJq+RsCBvU9lsGqw=,pRXXycsZWamv2Jvzg2sTlee7UHk=
-14,-18,S/3Dx1ylNIrNJq+RsCBvU9lsGqw=,23dOVAFBlDyk9aX5E96Dza8VsG4=
-2,-29,S/3Dx1ylNIrNJq+RsCBvU9lsGqw=,CAB8RwQckyiCpmjoZqVaIIGdtvI=
-7,-23,S/3Dx1ylNIrNJq+RsCBvU9lsGqw=,n8SLQ7zEAXYp1204a+FmxjCqIEM=
-10,-29,S/3Dx1ylNIrNJq+RsCBvU9lsGqw=,pRXXycsZWamv2Jvzg2sTlee7UHk=
-15,-18,S/3Dx1ylNIrNJq+RsCBvU9lsGqw=,23dOVAFBlDyk9aX5E96Dza8VsG4=
-3,-29,S/3Dx1ylNIrNJq+RsCBvU9lsGqw=,CAB8RwQckyiCpmjoZqVaIIGdtvI=
-8,-26,S/3Dx1ylNIrNJq+RsCBvU9lsGqw=,CAB8RwQckyiCpmjoZqVaIIGdtvI=
-3,-19,S/3Dx1ylNIrNJq+RsCBvU9lsGqw=,n8SLQ7zEAXYp1204a+FmxjCqIEM=
-10,-19,S/3Dx1ylNIrNJq+RsCBvU9lsGqw=,23dOVAFBlDyk9aX5E96Dza8VsG4=
-4,-29,S/3Dx1ylNIrNJq+RsCBvU9lsGqw=,CAB8RwQckyiCpmjoZqVaIIGdtvI=
-2,-20,S/3Dx1ylNIrNJq+RsCBvU9lsGqw=,n8SLQ7zEAXYp1204a+FmxjCqIEM=
-11,-29,S/3Dx1ylNIrNJq+RsCBvU9lsGqw=,pRXXycsZWamv2Jvzg2sTlee7UHk=
-11,-19,S/3Dx1ylNIrNJq+RsCBvU9lsGqw=,23dOVAFBlDyk9aX5E96Dza8VsG4=
-5,-29,S/3Dx1ylNIrNJq+RsCBvU9lsGqw=,CAB8RwQckyiCpmjoZqVaIIGdtvI=
-3,-20,S/3Dx1ylNIrNJq+RsCBvU9lsGqw=,n8SLQ7zEAXYp1204a+FmxjCqIEM=
-12,-29,S/3Dx1ylNIrNJq+RsCBvU9lsGqw=,pRXXycsZWamv2Jvzg2sTlee7UHk=
-6,-29,S/3Dx1ylNIrNJq+RsCBvU9lsGqw=,CAB8RwQckyiCpmjoZqVaIIGdtvI=
-12,-19,S/3Dx1ylNIrNJq+RsCBvU9lsGqw=,23dOVAFBlDyk9aX5E96Dza8VsG4=
-13,-19,S/3Dx1ylNIrNJq+RsCBvU9lsGqw=,23dOVAFBlDyk9aX5E96Dza8VsG4=
-7,-29,S/3Dx1ylNIrNJq+RsCBvU9lsGqw=,CAB8RwQckyiCpmjoZqVaIIGdtvI=
-4,-19,S/3Dx1ylNIrNJq+RsCBvU9lsGqw=,n8SLQ7zEAXYp1204a+FmxjCqIEM=
-13,-29,S/3Dx1ylNIrNJq+RsCBvU9lsGqw=,pRXXycsZWamv2Jvzg2sTlee7UHk=
-14,-19,S/3Dx1ylNIrNJq+RsCBvU9lsGqw=,23dOVAFBlDyk9aX5E96Dza8VsG4=
-2,-30,S/3Dx1ylNIrNJq+RsCBvU9lsGqw=,CAB8RwQckyiCpmjoZqVaIIGdtvI=
-14,-29,S/3Dx1ylNIrNJq+RsCBvU9lsGqw=,pRXXycsZWamv2Jvzg2sTlee7UHk=
-9,-18,S/3Dx1ylNIrNJq+RsCBvU9lsGqw=,23dOVAFBlDyk9aX5E96Dza8VsG4=
-15,-19,S/3Dx1ylNIrNJq+RsCBvU9lsGqw=,23dOVAFBlDyk9aX5E96Dza8VsG4=
-3,-30,S/3Dx1ylNIrNJq+RsCBvU9lsGqw=,CAB8RwQckyiCpmjoZqVaIIGdtvI=
-15,-29,S/3Dx1ylNIrNJq+RsCBvU9lsGqw=,pRXXycsZWamv2Jvzg2sTlee7UHk=
-8,-23,S/3Dx1ylNIrNJq+RsCBvU9lsGqw=,n8SLQ7zEAXYp1204a+FmxjCqIEM=
-10,-20,S/3Dx1ylNIrNJq+RsCBvU9lsGqw=,23dOVAFBlDyk9aX5E96Dza8VsG4=
-4,-30,S/3Dx1ylNIrNJq+RsCBvU9lsGqw=,CAB8RwQckyiCpmjoZqVaIIGdtvI=
-9,-30,S/3Dx1ylNIrNJq+RsCBvU9lsGqw=,pRXXycsZWamv2Jvzg2sTlee7UHk=
-5,-24,S/3Dx1ylNIrNJq+RsCBvU9lsGqw=,n8SLQ7zEAXYp1204a+FmxjCqIEM=
-11,-20,S/3Dx1ylNIrNJq+RsCBvU9lsGqw=,23dOVAFBlDyk9aX5E96Dza8VsG4=
-5,-30,S/3Dx1ylNIrNJq+RsCBvU9lsGqw=,CAB8RwQckyiCpmjoZqVaIIGdtvI=
-10,-30,S/3Dx1ylNIrNJq+RsCBvU9lsGqw=,pRXXycsZWamv2Jvzg2sTlee7UHk=
-7,-20,S/3Dx1ylNIrNJq+RsCBvU9lsGqw=,n8SLQ7zEAXYp1204a+FmxjCqIEM=
-12,-20,S/3Dx1ylNIrNJq+RsCBvU9lsGqw=,23dOVAFBlDyk9aX5E96Dza8VsG4=
-6,-30,S/3Dx1ylNIrNJq+RsCBvU9lsGqw=,CAB8RwQckyiCpmjoZqVaIIGdtvI=
-8,-20,S/3Dx1ylNIrNJq+RsCBvU9lsGqw=,n8SLQ7zEAXYp1204a+FmxjCqIEM=
-11,-30,S/3Dx1ylNIrNJq+RsCBvU9lsGqw=,pRXXycsZWamv2Jvzg2sTlee7UHk=
-13,-20,S/3Dx1ylNIrNJq+RsCBvU9lsGqw=,23dOVAFBlDyk9aX5E96Dza8VsG4=
-7,-30,S/3Dx1ylNIrNJq+RsCBvU9lsGqw=,CAB8RwQckyiCpmjoZqVaIIGdtvI=
-9,-19,S/3Dx1ylNIrNJq+RsCBvU9lsGqw=,23dOVAFBlDyk9aX5E96Dza8VsG4=
-12,-30,S/3Dx1ylNIrNJq+RsCBvU9lsGqw=,pRXXycsZWamv2Jvzg2sTlee7UHk=
-14,-20,S/3Dx1ylNIrNJq+RsCBvU9lsGqw=,23dOVAFBlDyk9aX5E96Dza8VsG4=
-2,-31,S/3Dx1ylNIrNJq+RsCBvU9lsGqw=,CAB8RwQckyiCpmjoZqVaIIGdtvI=
-4,-20,S/3Dx1ylNIrNJq+RsCBvU9lsGqw=,n8SLQ7zEAXYp1204a+FmxjCqIEM=
-15,-20,S/3Dx1ylNIrNJq+RsCBvU9lsGqw=,23dOVAFBlDyk9aX5E96Dza8VsG4=
-8,-27,S/3Dx1ylNIrNJq+RsCBvU9lsGqw=,CAB8RwQckyiCpmjoZqVaIIGdtvI=
-3,-31,S/3Dx1ylNIrNJq+RsCBvU9lsGqw=,CAB8RwQckyiCpmjoZqVaIIGdtvI=
-5,-19,S/3Dx1ylNIrNJq+RsCBvU9lsGqw=,n8SLQ7zEAXYp1204a+FmxjCqIEM=
-10,-21,S/3Dx1ylNIrNJq+RsCBvU9lsGqw=,23dOVAFBlDyk9aX5E96Dza8VsG4=
-4,-31,S/3Dx1ylNIrNJq+RsCBvU9lsGqw=,CAB8RwQckyiCpmjoZqVaIIGdtvI=
-9,-24,S/3Dx1ylNIrNJq+RsCBvU9lsGqw=,23dOVAFBlDyk9aX5E96Dza8VsG4=
-5,-31,S/3Dx1ylNIrNJq+RsCBvU9lsGqw=,CAB8RwQckyiCpmjoZqVaIIGdtvI=
-11,-21,S/3Dx1ylNIrNJq+RsCBvU9lsGqw=,23dOVAFBlDyk9aX5E96Dza8VsG4=
-10,-24,S/3Dx1ylNIrNJq+RsCBvU9lsGqw=,23dOVAFBlDyk9aX5E96Dza8VsG4=
-2,-21,S/3Dx1ylNIrNJq+RsCBvU9lsGqw=,n8SLQ7zEAXYp1204a+FmxjCqIEM=
-6,-31,S/3Dx1ylNIrNJq+RsCBvU9lsGqw=,CAB8RwQckyiCpmjoZqVaIIGdtvI=
-12,-21,S/3Dx1ylNIrNJq+RsCBvU9lsGqw=,23dOVAFBlDyk9aX5E96Dza8VsG4=
-13,-30,S/3Dx1ylNIrNJq+RsCBvU9lsGqw=,pRXXycsZWamv2Jvzg2sTlee7UHk=
-7,-31,S/3Dx1ylNIrNJq+RsCBvU9lsGqw=,CAB8RwQckyiCpmjoZqVaIIGdtvI=
-3,-21,S/3Dx1ylNIrNJq+RsCBvU9lsGqw=,n8SLQ7zEAXYp1204a+FmxjCqIEM=
-10,-17,S/3Dx1ylNIrNJq+RsCBvU9lsGqw=,23dOVAFBlDyk9aX5E96Dza8VsG4=
-14,-30,S/3Dx1ylNIrNJq+RsCBvU9lsGqw=,pRXXycsZWamv2Jvzg2sTlee7UHk=
-9,-17,S/3Dx1ylNIrNJq+RsCBvU9lsGqw=,23dOVAFBlDyk9aX5E96Dza8VsG4=
-4,-21,S/3Dx1ylNIrNJq+RsCBvU9lsGqw=,n8SLQ7zEAXYp1204a+FmxjCqIEM=
-11,-17,S/3Dx1ylNIrNJq+RsCBvU9lsGqw=,23dOVAFBlDyk9aX5E96Dza8VsG4=
-11,-24,S/3Dx1ylNIrNJq+RsCBvU9lsGqw=,23dOVAFBlDyk9aX5E96Dza8VsG4=
-12,-17,S/3Dx1ylNIrNJq+RsCBvU9lsGqw=,23dOVAFBlDyk9aX5E96Dza8VsG4=
-5,-17,S/3Dx1ylNIrNJq+RsCBvU9lsGqw=,n8SLQ7zEAXYp1204a+FmxjCqIEM=
-5,-21,S/3Dx1ylNIrNJq+RsCBvU9lsGqw=,n8SLQ7zEAXYp1204a+FmxjCqIEM=
-12,-24,S/3Dx1ylNIrNJq+RsCBvU9lsGqw=,23dOVAFBlDyk9aX5E96Dza8VsG4=
-13,-17,S/3Dx1ylNIrNJq+RsCBvU9lsGqw=,23dOVAFBlDyk9aX5E96Dza8VsG4=
-6,-17,S/3Dx1ylNIrNJq+RsCBvU9lsGqw=,n8SLQ7zEAXYp1204a+FmxjCqIEM=
-6,-24,S/3Dx1ylNIrNJq+RsCBvU9lsGqw=,n8SLQ7zEAXYp1204a+FmxjCqIEM=
-13,-24,S/3Dx1ylNIrNJq+RsCBvU9lsGqw=,23dOVAFBlDyk9aX5E96Dza8VsG4=
-14,-17,S/3Dx1ylNIrNJq+RsCBvU9lsGqw=,23dOVAFBlDyk9aX5E96Dza8VsG4=
-6,-21,S/3Dx1ylNIrNJq+RsCBvU9lsGqw=,n8SLQ7zEAXYp1204a+FmxjCqIEM=
-15,-30,S/3Dx1ylNIrNJq+RsCBvU9lsGqw=,pRXXycsZWamv2Jvzg2sTlee7UHk=
-7,-17,S/3Dx1ylNIrNJq+RsCBvU9lsGqw=,n8SLQ7zEAXYp1204a+FmxjCqIEM=
-15,-17,S/3Dx1ylNIrNJq+RsCBvU9lsGqw=,23dOVAFBlDyk9aX5E96Dza8VsG4=
-3,-18,6zdWERW05XAIAnrq6AMfkTJBqvE=,n8SLQ7zEAXYp1204a+FmxjCqIEM=
-14,-24,6zdWERW05XAIAnrq6AMfkTJBqvE=,23dOVAFBlDyk9aX5E96Dza8VsG4=
-8,-17,6zdWERW05XAIAnrq6AMfkTJBqvE=,n8SLQ7zEAXYp1204a+FmxjCqIEM=
-4,-18,6zdWERW05XAIAnrq6AMfkTJBqvE=,n8SLQ7zEAXYp1204a+FmxjCqIEM=
-1,-23,6zdWERW05XAIAnrq6AMfkTJBqvE=,n8SLQ7zEAXYp1204a+FmxjCqIEM=
-15,-24,6zdWERW05XAIAnrq6AMfkTJBqvE=,23dOVAFBlDyk9aX5E96Dza8VsG4=
-2,-17,6zdWERW05XAIAnrq6AMfkTJBqvE=,n8SLQ7zEAXYp1204a+FmxjCqIEM=
-7,-21,6zdWERW05XAIAnrq6AMfkTJBqvE=,n8SLQ7zEAXYp1204a+FmxjCqIEM=
-8,-28,6zdWERW05XAIAnrq6AMfkTJBqvE=,CAB8RwQckyiCpmjoZqVaIIGdtvI=
-3,-17,6zdWERW05XAIAnrq6AMfkTJBqvE=,n8SLQ7zEAXYp1204a+FmxjCqIEM=
-1,-19,6zdWERW05XAIAnrq6AMfkTJBqvE=,n8SLQ7zEAXYp1204a+FmxjCqIEM=
-9,-25,6zdWERW05XAIAnrq6AMfkTJBqvE=,pRXXycsZWamv2Jvzg2sTlee7UHk=
-4,-17,6zdWERW05XAIAnrq6AMfkTJBqvE=,n8SLQ7zEAXYp1204a+FmxjCqIEM=
-5,-18,6zdWERW05XAIAnrq6AMfkTJBqvE=,n8SLQ7zEAXYp1204a+FmxjCqIEM=
-1,-20,6zdWERW05XAIAnrq6AMfkTJBqvE=,n8SLQ7zEAXYp1204a+FmxjCqIEM=
-10,-25,6zdWERW05XAIAnrq6AMfkTJBqvE=,pRXXycsZWamv2Jvzg2sTlee7UHk=
-6,-18,6zdWERW05XAIAnrq6AMfkTJBqvE=,n8SLQ7zEAXYp1204a+FmxjCqIEM=
-1,-21,6zdWERW05XAIAnrq6AMfkTJBqvE=,n8SLQ7zEAXYp1204a+FmxjCqIEM=
-1,-26,6zdWERW05XAIAnrq6AMfkTJBqvE=,CAB8RwQckyiCpmjoZqVaIIGdtvI=
-9,-31,6zdWERW05XAIAnrq6AMfkTJBqvE=,pRXXycsZWamv2Jvzg2sTlee7UHk=
-7,-18,6zdWERW05XAIAnrq6AMfkTJBqvE=,n8SLQ7zEAXYp1204a+FmxjCqIEM=
-1,-18,6zdWERW05XAIAnrq6AMfkTJBqvE=,n8SLQ7zEAXYp1204a+FmxjCqIEM=
-1,-27,6zdWERW05XAIAnrq6AMfkTJBqvE=,CAB8RwQckyiCpmjoZqVaIIGdtvI=
-11,-25,6zdWERW05XAIAnrq6AMfkTJBqvE=,pRXXycsZWamv2Jvzg2sTlee7UHk=
-8,-21,6zdWERW05XAIAnrq6AMfkTJBqvE=,n8SLQ7zEAXYp1204a+FmxjCqIEM=
-1,-28,6zdWERW05XAIAnrq6AMfkTJBqvE=,CAB8RwQckyiCpmjoZqVaIIGdtvI=
-1,-22,6zdWERW05XAIAnrq6AMfkTJBqvE=,n8SLQ7zEAXYp1204a+FmxjCqIEM=
-10,-31,6zdWERW05XAIAnrq6AMfkTJBqvE=,pRXXycsZWamv2Jvzg2sTlee7UHk=
-1,-29,6zdWERW05XAIAnrq6AMfkTJBqvE=,CAB8RwQckyiCpmjoZqVaIIGdtvI=
-8,-18,6zdWERW05XAIAnrq6AMfkTJBqvE=,n8SLQ7zEAXYp1204a+FmxjCqIEM=
-12,-25,6zdWERW05XAIAnrq6AMfkTJBqvE=,pRXXycsZWamv2Jvzg2sTlee7UHk=
-1,-30,6zdWERW05XAIAnrq6AMfkTJBqvE=,CAB8RwQckyiCpmjoZqVaIIGdtvI=
-2,-32,6zdWERW05XAIAnrq6AMfkTJBqvE=,CAB8RwQckyiCpmjoZqVaIIGdtvI=
-13,-25,6zdWERW05XAIAnrq6AMfkTJBqvE=,pRXXycsZWamv2Jvzg2sTlee7UHk=
-4,-23,6zdWERW05XAIAnrq6AMfkTJBqvE=,n8SLQ7zEAXYp1204a+FmxjCqIEM=
-3,-32,6zdWERW05XAIAnrq6AMfkTJBqvE=,CAB8RwQckyiCpmjoZqVaIIGdtvI=
-11,-31,6zdWERW05XAIAnrq6AMfkTJBqvE=,pRXXycsZWamv2Jvzg2sTlee7UHk=
-1,-24,6zdWERW05XAIAnrq6AMfkTJBqvE=,n8SLQ7zEAXYp1204a+FmxjCqIEM=
-2,-18,6zdWERW05XAIAnrq6AMfkTJBqvE=,n8SLQ7zEAXYp1204a+FmxjCqIEM=
-1,-31,6zdWERW05XAIAnrq6AMfkTJBqvE=,CAB8RwQckyiCpmjoZqVaIIGdtvI=
-4,-32,6zdWERW05XAIAnrq6AMfkTJBqvE=,CAB8RwQckyiCpmjoZqVaIIGdtvI=
-14,-25,6zdWERW05XAIAnrq6AMfkTJBqvE=,pRXXycsZWamv2Jvzg2sTlee7UHk=
-5,-20,6zdWERW05XAIAnrq6AMfkTJBqvE=,n8SLQ7zEAXYp1204a+FmxjCqIEM=
-5,-32,6zdWERW05XAIAnrq6AMfkTJBqvE=,CAB8RwQckyiCpmjoZqVaIIGdtvI=
-1,-25,6zdWERW05XAIAnrq6AMfkTJBqvE=,CAB8RwQckyiCpmjoZqVaIIGdtvI=
-15,-25,6zdWERW05XAIAnrq6AMfkTJBqvE=,pRXXycsZWamv2Jvzg2sTlee7UHk=
-2,-24,6zdWERW05XAIAnrq6AMfkTJBqvE=,n8SLQ7zEAXYp1204a+FmxjCqIEM=
-6,-32,6zdWERW05XAIAnrq6AMfkTJBqvE=,CAB8RwQckyiCpmjoZqVaIIGdtvI=
-12,-31,6zdWERW05XAIAnrq6AMfkTJBqvE=,pRXXycsZWamv2Jvzg2sTlee7UHk=
-7,-32,6zdWERW05XAIAnrq6AMfkTJBqvE=,CAB8RwQckyiCpmjoZqVaIIGdtvI=
-9,-32,6zdWERW05XAIAnrq6AMfkTJBqvE=,pRXXycsZWamv2Jvzg2sTlee7UHk=
-2,-22,6zdWERW05XAIAnrq6AMfkTJBqvE=,n8SLQ7zEAXYp1204a+FmxjCqIEM=
-9,-26,6zdWERW05XAIAnrq6AMfkTJBqvE=,pRXXycsZWamv2Jvzg2sTlee7UHk=
-10,-32,6zdWERW05XAIAnrq6AMfkTJBqvE=,pRXXycsZWamv2Jvzg2sTlee7UHk=
-3,-22,6zdWERW05XAIAnrq6AMfkTJBqvE=,n8SLQ7zEAXYp1204a+FmxjCqIEM=
-8,-29,6zdWERW05XAIAnrq6AMfkTJBqvE=,CAB8RwQckyiCpmjoZqVaIIGdtvI=
-11,-32,6zdWERW05XAIAnrq6AMfkTJBqvE=,pRXXycsZWamv2Jvzg2sTlee7UHk=
-13,-31,6zdWERW05XAIAnrq6AMfkTJBqvE=,pRXXycsZWamv2Jvzg2sTlee7UHk=
-4,-22,6zdWERW05XAIAnrq6AMfkTJBqvE=,n8SLQ7zEAXYp1204a+FmxjCqIEM=
-16,-27,6zdWERW05XAIAnrq6AMfkTJBqvE=,pRXXycsZWamv2Jvzg2sTlee7UHk=
-12,-32,6zdWERW05XAIAnrq6AMfkTJBqvE=,pRXXycsZWamv2Jvzg2sTlee7UHk=
-14,-31,6zdWERW05XAIAnrq6AMfkTJBqvE=,pRXXycsZWamv2Jvzg2sTlee7UHk=
-7,-24,6zdWERW05XAIAnrq6AMfkTJBqvE=,n8SLQ7zEAXYp1204a+FmxjCqIEM=
-16,-28,6zdWERW05XAIAnrq6AMfkTJBqvE=,pRXXycsZWamv2Jvzg2sTlee7UHk=
-13,-32,6zdWERW05XAIAnrq6AMfkTJBqvE=,pRXXycsZWamv2Jvzg2sTlee7UHk=
-15,-31,6zdWERW05XAIAnrq6AMfkTJBqvE=,pRXXycsZWamv2Jvzg2sTlee7UHk=
-3,-24,6zdWERW05XAIAnrq6AMfkTJBqvE=,n8SLQ7zEAXYp1204a+FmxjCqIEM=
-16,-29,6zdWERW05XAIAnrq6AMfkTJBqvE=,pRXXycsZWamv2Jvzg2sTlee7UHk=
-14,-32,6zdWERW05XAIAnrq6AMfkTJBqvE=,pRXXycsZWamv2Jvzg2sTlee7UHk=
-10,-26,6zdWERW05XAIAnrq6AMfkTJBqvE=,pRXXycsZWamv2Jvzg2sTlee7UHk=
-16,-30,6zdWERW05XAIAnrq6AMfkTJBqvE=,pRXXycsZWamv2Jvzg2sTlee7UHk=
-9,-20,6zdWERW05XAIAnrq6AMfkTJBqvE=,23dOVAFBlDyk9aX5E96Dza8VsG4=
-15,-32,6zdWERW05XAIAnrq6AMfkTJBqvE=,pRXXycsZWamv2Jvzg2sTlee7UHk=
-11,-26,6zdWERW05XAIAnrq6AMfkTJBqvE=,pRXXycsZWamv2Jvzg2sTlee7UHk=
-16,-31,6zdWERW05XAIAnrq6AMfkTJBqvE=,pRXXycsZWamv2Jvzg2sTlee7UHk=
-4,-24,6zdWERW05XAIAnrq6AMfkTJBqvE=,n8SLQ7zEAXYp1204a+FmxjCqIEM=
-8,-32,6zdWERW05XAIAnrq6AMfkTJBqvE=,CAB8RwQckyiCpmjoZqVaIIGdtvI=
-16,-26,6zdWERW05XAIAnrq6AMfkTJBqvE=,pRXXycsZWamv2Jvzg2sTlee7UHk=
-12,-26,6zdWERW05XAIAnrq6AMfkTJBqvE=,pRXXycsZWamv2Jvzg2sTlee7UHk=
-6,-19,6zdWERW05XAIAnrq6AMfkTJBqvE=,n8SLQ7zEAXYp1204a+FmxjCqIEM=
-13,-26,6zdWERW05XAIAnrq6AMfkTJBqvE=,pRXXycsZWamv2Jvzg2sTlee7UHk=
-1,-32,6zdWERW05XAIAnrq6AMfkTJBqvE=,CAB8RwQckyiCpmjoZqVaIIGdtvI=
-16,-21,6zdWERW05XAIAnrq6AMfkTJBqvE=,23dOVAFBlDyk9aX5E96Dza8VsG4=
-6,-20,6zdWERW05XAIAnrq6AMfkTJBqvE=,n8SLQ7zEAXYp1204a+FmxjCqIEM=
-14,-26,6zdWERW05XAIAnrq6AMfkTJBqvE=,pRXXycsZWamv2Jvzg2sTlee7UHk=
-16,-22,6zdWERW05XAIAnrq6AMfkTJBqvE=,23dOVAFBlDyk9aX5E96Dza8VsG4=
-2,-25,6zdWERW05XAIAnrq6AMfkTJBqvE=,CAB8RwQckyiCpmjoZqVaIIGdtvI=
-1,-17,6zdWERW05XAIAnrq6AMfkTJBqvE=,n8SLQ7zEAXYp1204a+FmxjCqIEM=
-15,-26,6zdWERW05XAIAnrq6AMfkTJBqvE=,pRXXycsZWamv2Jvzg2sTlee7UHk=
-16,-23,6zdWERW05XAIAnrq6AMfkTJBqvE=,23dOVAFBlDyk9aX5E96Dza8VsG4=
-3,-25,6zdWERW05XAIAnrq6AMfkTJBqvE=,CAB8RwQckyiCpmjoZqVaIIGdtvI=
-8,-30,6zdWERW05XAIAnrq6AMfkTJBqvE=,CAB8RwQckyiCpmjoZqVaIIGdtvI=
-16,-24,6zdWERW05XAIAnrq6AMfkTJBqvE=,23dOVAFBlDyk9aX5E96Dza8VsG4=
-16,-32,6zdWERW05XAIAnrq6AMfkTJBqvE=,pRXXycsZWamv2Jvzg2sTlee7UHk=
-9,-27,6zdWERW05XAIAnrq6AMfkTJBqvE=,pRXXycsZWamv2Jvzg2sTlee7UHk=
-9,-21,6zdWERW05XAIAnrq6AMfkTJBqvE=,23dOVAFBlDyk9aX5E96Dza8VsG4=
-16,-17,6zdWERW05XAIAnrq6AMfkTJBqvE=,23dOVAFBlDyk9aX5E96Dza8VsG4=
-4,-25,6zdWERW05XAIAnrq6AMfkTJBqvE=,CAB8RwQckyiCpmjoZqVaIIGdtvI=
-16,-18,6zdWERW05XAIAnrq6AMfkTJBqvE=,23dOVAFBlDyk9aX5E96Dza8VsG4=
-10,-27,6zdWERW05XAIAnrq6AMfkTJBqvE=,pRXXycsZWamv2Jvzg2sTlee7UHk=
-16,-25,6zdWERW05XAIAnrq6AMfkTJBqvE=,pRXXycsZWamv2Jvzg2sTlee7UHk=
-8,-31,6zdWERW05XAIAnrq6AMfkTJBqvE=,CAB8RwQckyiCpmjoZqVaIIGdtvI=
-11,-27,6zdWERW05XAIAnrq6AMfkTJBqvE=,pRXXycsZWamv2Jvzg2sTlee7UHk=
-16,-19,6zdWERW05XAIAnrq6AMfkTJBqvE=,23dOVAFBlDyk9aX5E96Dza8VsG4=
-16,-20,6zdWERW05XAIAnrq6AMfkTJBqvE=,23dOVAFBlDyk9aX5E96Dza8VsG4=
-12,-27,6zdWERW05XAIAnrq6AMfkTJBqvE=,pRXXycsZWamv2Jvzg2sTlee7UHk=
-29,-21,Mb7hXnVrTSWkH8Aa7Ft/QWyG2vE=,q5vmKb27+/LfFI1UV9Zom/xEpb8=
-30,-21,Mb7hXnVrTSWkH8Aa7Ft/QWyG2vE=,q5vmKb27+/LfFI1UV9Zom/xEpb8=
-31,-21,Mb7hXnVrTSWkH8Aa7Ft/QWyG2vE=,q5vmKb27+/LfFI1UV9Zom/xEpb8=
-26,-22,Mb7hXnVrTSWkH8Aa7Ft/QWyG2vE=,q5vmKb27+/LfFI1UV9Zom/xEpb8=
-27,-22,Mb7hXnVrTSWkH8Aa7Ft/QWyG2vE=,q5vmKb27+/LfFI1UV9Zom/xEpb8=
-28,-22,Mb7hXnVrTSWkH8Aa7Ft/QWyG2vE=,q5vmKb27+/LfFI1UV9Zom/xEpb8=
-26,-18,Mb7hXnVrTSWkH8Aa7Ft/QWyG2vE=,q5vmKb27+/LfFI1UV9Zom/xEpb8=
-27,-18,Mb7hXnVrTSWkH8Aa7Ft/QWyG2vE=,q5vmKb27+/LfFI1UV9Zom/xEpb8=
-28,-18,Mb7hXnVrTSWkH8Aa7Ft/QWyG2vE=,q5vmKb27+/LfFI1UV9Zom/xEpb8=
-29,-18,Mb7hXnVrTSWkH8Aa7Ft/QWyG2vE=,q5vmKb27+/LfFI1UV9Zom/xEpb8=
-30,-18,Mb7hXnVrTSWkH8Aa7Ft/QWyG2vE=,q5vmKb27+/LfFI1UV9Zom/xEpb8=
-31,-18,Mb7hXnVrTSWkH8Aa7Ft/QWyG2vE=,q5vmKb27+/LfFI1UV9Zom/xEpb8=
-29,-22,Mb7hXnVrTSWkH8Aa7Ft/QWyG2vE=,q5vmKb27+/LfFI1UV9Zom/xEpb8=
-26,-19,Mb7hXnVrTSWkH8Aa7Ft/QWyG2vE=,q5vmKb27+/LfFI1UV9Zom/xEpb8=
-30,-22,Mb7hXnVrTSWkH8Aa7Ft/QWyG2vE=,q5vmKb27+/LfFI1UV9Zom/xEpb8=
-31,-22,Mb7hXnVrTSWkH8Aa7Ft/QWyG2vE=,q5vmKb27+/LfFI1UV9Zom/xEpb8=
-27,-19,Mb7hXnVrTSWkH8Aa7Ft/QWyG2vE=,q5vmKb27+/LfFI1UV9Zom/xEpb8=
-28,-19,Mb7hXnVrTSWkH8Aa7Ft/QWyG2vE=,q5vmKb27+/LfFI1UV9Zom/xEpb8=
-29,-19,Mb7hXnVrTSWkH8Aa7Ft/QWyG2vE=,q5vmKb27+/LfFI1UV9Zom/xEpb8=
-26,-23,Mb7hXnVrTSWkH8Aa7Ft/QWyG2vE=,q5vmKb27+/LfFI1UV9Zom/xEpb8=
-27,-23,Mb7hXnVrTSWkH8Aa7Ft/QWyG2vE=,q5vmKb27+/LfFI1UV9Zom/xEpb8=
-30,-19,Mb7hXnVrTSWkH8Aa7Ft/QWyG2vE=,q5vmKb27+/LfFI1UV9Zom/xEpb8=
-31,-19,Mb7hXnVrTSWkH8Aa7Ft/QWyG2vE=,q5vmKb27+/LfFI1UV9Zom/xEpb8=
-28,-23,Mb7hXnVrTSWkH8Aa7Ft/QWyG2vE=,q5vmKb27+/LfFI1UV9Zom/xEpb8=
-26,-20,Mb7hXnVrTSWkH8Aa7Ft/QWyG2vE=,q5vmKb27+/LfFI1UV9Zom/xEpb8=
-29,-23,Mb7hXnVrTSWkH8Aa7Ft/QWyG2vE=,q5vmKb27+/LfFI1UV9Zom/xEpb8=
-27,-20,Mb7hXnVrTSWkH8Aa7Ft/QWyG2vE=,q5vmKb27+/LfFI1UV9Zom/xEpb8=
-30,-23,Mb7hXnVrTSWkH8Aa7Ft/QWyG2vE=,q5vmKb27+/LfFI1UV9Zom/xEpb8=
-31,-23,Mb7hXnVrTSWkH8Aa7Ft/QWyG2vE=,q5vmKb27+/LfFI1UV9Zom/xEpb8=
-28,-20,Mb7hXnVrTSWkH8Aa7Ft/QWyG2vE=,q5vmKb27+/LfFI1UV9Zom/xEpb8=
-29,-20,Mb7hXnVrTSWkH8Aa7Ft/QWyG2vE=,q5vmKb27+/LfFI1UV9Zom/xEpb8=
-30,-20,Mb7hXnVrTSWkH8Aa7Ft/QWyG2vE=,q5vmKb27+/LfFI1UV9Zom/xEpb8=
-31,-20,Mb7hXnVrTSWkH8Aa7Ft/QWyG2vE=,q5vmKb27+/LfFI1UV9Zom/xEpb8=
-26,-21,Mb7hXnVrTSWkH8Aa7Ft/QWyG2vE=,q5vmKb27+/LfFI1UV9Zom/xEpb8=
-27,-21,Mb7hXnVrTSWkH8Aa7Ft/QWyG2vE=,q5vmKb27+/LfFI1UV9Zom/xEpb8=
-28,-21,Mb7hXnVrTSWkH8Aa7Ft/QWyG2vE=,q5vmKb27+/LfFI1UV9Zom/xEpb8=
-26,-17,Mb7hXnVrTSWkH8Aa7Ft/QWyG2vE=,q5vmKb27+/LfFI1UV9Zom/xEpb8=
-27,-17,Mb7hXnVrTSWkH8Aa7Ft/QWyG2vE=,q5vmKb27+/LfFI1UV9Zom/xEpb8=
-28,-17,Mb7hXnVrTSWkH8Aa7Ft/QWyG2vE=,q5vmKb27+/LfFI1UV9Zom/xEpb8=
-29,-17,Mb7hXnVrTSWkH8Aa7Ft/QWyG2vE=,q5vmKb27+/LfFI1UV9Zom/xEpb8=
-30,-17,Mb7hXnVrTSWkH8Aa7Ft/QWyG2vE=,q5vmKb27+/LfFI1UV9Zom/xEpb8=
-31,-17,Mb7hXnVrTSWkH8Aa7Ft/QWyG2vE=,q5vmKb27+/LfFI1UV9Zom/xEpb8=
-32,-21,Mb7hXnVrTSWkH8Aa7Ft/QWyG2vE=,q5vmKb27+/LfFI1UV9Zom/xEpb8=
-32,-18,Mb7hXnVrTSWkH8Aa7Ft/QWyG2vE=,q5vmKb27+/LfFI1UV9Zom/xEpb8=
-32,-22,Mb7hXnVrTSWkH8Aa7Ft/QWyG2vE=,q5vmKb27+/LfFI1UV9Zom/xEpb8=
-32,-19,Mb7hXnVrTSWkH8Aa7Ft/QWyG2vE=,q5vmKb27+/LfFI1UV9Zom/xEpb8=
-32,-23,Mb7hXnVrTSWkH8Aa7Ft/QWyG2vE=,q5vmKb27+/LfFI1UV9Zom/xEpb8=
-32,-20,Mb7hXnVrTSWkH8Aa7Ft/QWyG2vE=,q5vmKb27+/LfFI1UV9Zom/xEpb8=
-32,-17,Mb7hXnVrTSWkH8Aa7Ft/QWyG2vE=,q5vmKb27+/LfFI1UV9Zom/xEpb8=
-19,-18,Mb7hXnVrTSWkH8Aa7Ft/QWyG2vE=,R3Ij2YfN8TYxw//fCcHufKS1HKQ=
-17,-21,Mb7hXnVrTSWkH8Aa7Ft/QWyG2vE=,R3Ij2YfN8TYxw//fCcHufKS1HKQ=
-29,-27,Mb7hXnVrTSWkH8Aa7Ft/QWyG2vE=,y6S6ROrJmS5a9l7KGtR7417ss6g=
-30,-27,Mb7hXnVrTSWkH8Aa7Ft/QWyG2vE=,y6S6ROrJmS5a9l7KGtR7417ss6g=
-31,-27,Mb7hXnVrTSWkH8Aa7Ft/QWyG2vE=,y6S6ROrJmS5a9l7KGtR7417ss6g=
-32,-27,Mb7hXnVrTSWkH8Aa7Ft/QWyG2vE=,y6S6ROrJmS5a9l7KGtR7417ss6g=
-19,-19,Mb7hXnVrTSWkH8Aa7Ft/QWyG2vE=,R3Ij2YfN8TYxw//fCcHufKS1HKQ=
-26,-28,Mb7hXnVrTSWkH8Aa7Ft/QWyG2vE=,y6S6ROrJmS5a9l7KGtR7417ss6g=
-20,-19,Mb7hXnVrTSWkH8Aa7Ft/QWyG2vE=,R3Ij2YfN8TYxw//fCcHufKS1HKQ=
-27,-28,Mb7hXnVrTSWkH8Aa7Ft/QWyG2vE=,y6S6ROrJmS5a9l7KGtR7417ss6g=
-21,-19,Mb7hXnVrTSWkH8Aa7Ft/QWyG2vE=,R3Ij2YfN8TYxw//fCcHufKS1HKQ=
-28,-28,Mb7hXnVrTSWkH8Aa7Ft/QWyG2vE=,y6S6ROrJmS5a9l7KGtR7417ss6g=
-18,-21,Mb7hXnVrTSWkH8Aa7Ft/QWyG2vE=,R3Ij2YfN8TYxw//fCcHufKS1HKQ=
-29,-28,Mb7hXnVrTSWkH8Aa7Ft/QWyG2vE=,y6S6ROrJmS5a9l7KGtR7417ss6g=
-17,-20,Mb7hXnVrTSWkH8Aa7Ft/QWyG2vE=,R3Ij2YfN8TYxw//fCcHufKS1HKQ=
-30,-28,Mb7hXnVrTSWkH8Aa7Ft/QWyG2vE=,y6S6ROrJmS5a9l7KGtR7417ss6g=
-18,-20,Mb7hXnVrTSWkH8Aa7Ft/QWyG2vE=,R3Ij2YfN8TYxw//fCcHufKS1HKQ=
-31,-28,Mb7hXnVrTSWkH8Aa7Ft/QWyG2vE=,y6S6ROrJmS5a9l7KGtR7417ss6g=
-19,-20,Mb7hXnVrTSWkH8Aa7Ft/QWyG2vE=,R3Ij2YfN8TYxw//fCcHufKS1HKQ=
-32,-28,Mb7hXnVrTSWkH8Aa7Ft/QWyG2vE=,y6S6ROrJmS5a9l7KGtR7417ss6g=
-25,-17,Mb7hXnVrTSWkH8Aa7Ft/QWyG2vE=,q5vmKb27+/LfFI1UV9Zom/xEpb8=
-22,-19,Mb7hXnVrTSWkH8Aa7Ft/QWyG2vE=,R3Ij2YfN8TYxw//fCcHufKS1HKQ=
-26,-29,Mb7hXnVrTSWkH8Aa7Ft/QWyG2vE=,y6S6ROrJmS5a9l7KGtR7417ss6g=
-25,-22,Mb7hXnVrTSWkH8Aa7Ft/QWyG2vE=,q5vmKb27+/LfFI1UV9Zom/xEpb8=
-27,-29,Mb7hXnVrTSWkH8Aa7Ft/QWyG2vE=,y6S6ROrJmS5a9l7KGtR7417ss6g=
-28,-29,Mb7hXnVrTSWkH8Aa7Ft/QWyG2vE=,y6S6ROrJmS5a9l7KGtR7417ss6g=
-20,-20,Mb7hXnVrTSWkH8Aa7Ft/QWyG2vE=,R3Ij2YfN8TYxw//fCcHufKS1HKQ=
-29,-29,Mb7hXnVrTSWkH8Aa7Ft/QWyG2vE=,y6S6ROrJmS5a9l7KGtR7417ss6g=
-21,-17,Mb7hXnVrTSWkH8Aa7Ft/QWyG2vE=,R3Ij2YfN8TYxw//fCcHufKS1HKQ=
-30,-29,Mb7hXnVrTSWkH8Aa7Ft/QWyG2vE=,y6S6ROrJmS5a9l7KGtR7417ss6g=
-21,-20,Mb7hXnVrTSWkH8Aa7Ft/QWyG2vE=,R3Ij2YfN8TYxw//fCcHufKS1HKQ=
-31,-29,Mb7hXnVrTSWkH8Aa7Ft/QWyG2vE=,y6S6ROrJmS5a9l7KGtR7417ss6g=
-24,-21,Mb7hXnVrTSWkH8Aa7Ft/QWyG2vE=,R3Ij2YfN8TYxw//fCcHufKS1HKQ=
-32,-29,Mb7hXnVrTSWkH8Aa7Ft/QWyG2vE=,y6S6ROrJmS5a9l7KGtR7417ss6g=
-23,-19,Mb7hXnVrTSWkH8Aa7Ft/QWyG2vE=,R3Ij2YfN8TYxw//fCcHufKS1HKQ=
-25,-28,Mb7hXnVrTSWkH8Aa7Ft/QWyG2vE=,y6S6ROrJmS5a9l7KGtR7417ss6g=
-22,-20,Mb7hXnVrTSWkH8Aa7Ft/QWyG2vE=,R3Ij2YfN8TYxw//fCcHufKS1HKQ=
-26,-30,Mb7hXnVrTSWkH8Aa7Ft/QWyG2vE=,y6S6ROrJmS5a9l7KGtR7417ss6g=
-21,-25,Mb7hXnVrTSWkH8Aa7Ft/QWyG2vE=,Ix9hYCccG9V9wFtGd8UlnJVRuZM=
-23,-20,Mb7hXnVrTSWkH8Aa7Ft/QWyG2vE=,R3Ij2YfN8TYxw//fCcHufKS1HKQ=
-27,-30,Mb7hXnVrTSWkH8Aa7Ft/QWyG2vE=,y6S6ROrJmS5a9l7KGtR7417ss6g=
-22,-25,Mb7hXnVrTSWkH8Aa7Ft/QWyG2vE=,Ix9hYCccG9V9wFtGd8UlnJVRuZM=
-24,-19,Mb7hXnVrTSWkH8Aa7Ft/QWyG2vE=,R3Ij2YfN8TYxw//fCcHufKS1HKQ=
-28,-30,Mb7hXnVrTSWkH8Aa7Ft/QWyG2vE=,y6S6ROrJmS5a9l7KGtR7417ss6g=
-23,-25,Mb7hXnVrTSWkH8Aa7Ft/QWyG2vE=,Ix9hYCccG9V9wFtGd8UlnJVRuZM=
-19,-21,Mb7hXnVrTSWkH8Aa7Ft/QWyG2vE=,R3Ij2YfN8TYxw//fCcHufKS1HKQ=
-29,-30,Mb7hXnVrTSWkH8Aa7Ft/QWyG2vE=,y6S6ROrJmS5a9l7KGtR7417ss6g=
-24,-25,Mb7hXnVrTSWkH8Aa7Ft/QWyG2vE=,Ix9hYCccG9V9wFtGd8UlnJVRuZM=
-17,-22,Mb7hXnVrTSWkH8Aa7Ft/QWyG2vE=,R3Ij2YfN8TYxw//fCcHufKS1HKQ=
-30,-30,Mb7hXnVrTSWkH8Aa7Ft/QWyG2vE=,y6S6ROrJmS5a9l7KGtR7417ss6g=
-17,-26,Mb7hXnVrTSWkH8Aa7Ft/QWyG2vE=,Ix9hYCccG9V9wFtGd8UlnJVRuZM=
-22,-17,Mb7hXnVrTSWkH8Aa7Ft/QWyG2vE=,R3Ij2YfN8TYxw//fCcHufKS1HKQ=
-31,-30,Mb7hXnVrTSWkH8Aa7Ft/QWyG2vE=,y6S6ROrJmS5a9l7KGtR7417ss6g=
-18,-26,Mb7hXnVrTSWkH8Aa7Ft/QWyG2vE=,Ix9hYCccG9V9wFtGd8UlnJVRuZM=
-24,-20,Mb7hXnVrTSWkH8Aa7Ft/QWyG2vE=,R3Ij2YfN8TYxw//fCcHufKS1HKQ=
-32,-30,Mb7hXnVrTSWkH8Aa7Ft/QWyG2vE=,y6S6ROrJmS5a9l7KGtR7417ss6g=
-19,-26,Mb7hXnVrTSWkH8Aa7Ft/QWyG2vE=,Ix9hYCccG9V9wFtGd8UlnJVRuZM=
-23,-24,Mb7hXnVrTSWkH8Aa7Ft/QWyG2vE=,R3Ij2YfN8TYxw//fCcHufKS1HKQ=
-20,-18,Mb7hXnVrTSWkH8Aa7Ft/QWyG2vE=,R3Ij2YfN8TYxw//fCcHufKS1HKQ=
-26,-31,Mb7hXnVrTSWkH8Aa7Ft/QWyG2vE=,y6S6ROrJmS5a9l7KGtR7417ss6g=
-20,-26,Mb7hXnVrTSWkH8Aa7Ft/QWyG2vE=,Ix9hYCccG9V9wFtGd8UlnJVRuZM=
-18,-22,UReQQNOAm0z9IWkzXK9GlvkXEfI=,R3Ij2YfN8TYxw//fCcHufKS1HKQ=
-27,-31,UReQQNOAm0z9IWkzXK9GlvkXEfI=,y6S6ROrJmS5a9l7KGtR7417ss6g=
-21,-26,UReQQNOAm0z9IWkzXK9GlvkXEfI=,Ix9hYCccG9V9wFtGd8UlnJVRuZM=
-20,-21,UReQQNOAm0z9IWkzXK9GlvkXEfI=,R3Ij2YfN8TYxw//fCcHufKS1HKQ=
-28,-31,UReQQNOAm0z9IWkzXK9GlvkXEfI=,y6S6ROrJmS5a9l7KGtR7417ss6g=
-25,-18,UReQQNOAm0z9IWkzXK9GlvkXEfI=,q5vmKb27+/LfFI1UV9Zom/xEpb8=
-22,-26,UReQQNOAm0z9IWkzXK9GlvkXEfI=,Ix9hYCccG9V9wFtGd8UlnJVRuZM=
-21,-18,UReQQNOAm0z9IWkzXK9GlvkXEfI=,R3Ij2YfN8TYxw//fCcHufKS1HKQ=
-23,-26,UReQQNOAm0z9IWkzXK9GlvkXEfI=,Ix9hYCccG9V9wFtGd8UlnJVRuZM=
-29,-31,UReQQNOAm0z9IWkzXK9GlvkXEfI=,y6S6ROrJmS5a9l7KGtR7417ss6g=
-21,-21,UReQQNOAm0z9IWkzXK9GlvkXEfI=,R3Ij2YfN8TYxw//fCcHufKS1HKQ=
-24,-26,UReQQNOAm0z9IWkzXK9GlvkXEfI=,Ix9hYCccG9V9wFtGd8UlnJVRuZM=
-30,-31,UReQQNOAm0z9IWkzXK9GlvkXEfI=,y6S6ROrJmS5a9l7KGtR7417ss6g=
-23,-17,UReQQNOAm0z9IWkzXK9GlvkXEfI=,R3Ij2YfN8TYxw//fCcHufKS1HKQ=
-17,-27,UReQQNOAm0z9IWkzXK9GlvkXEfI=,Ix9hYCccG9V9wFtGd8UlnJVRuZM=
-31,-31,UReQQNOAm0z9IWkzXK9GlvkXEfI=,y6S6ROrJmS5a9l7KGtR7417ss6g=
-24,-17,UReQQNOAm0z9IWkzXK9GlvkXEfI=,R3Ij2YfN8TYxw//fCcHufKS1HKQ=
-18,-27,UReQQNOAm0z9IWkzXK9GlvkXEfI=,Ix9hYCccG9V9wFtGd8UlnJVRuZM=
-26,-24,UReQQNOAm0z9IWkzXK9GlvkXEfI=,q5vmKb27+/LfFI1UV9Zom/xEpb8=
-25,-19,UReQQNOAm0z9IWkzXK9GlvkXEfI=,q5vmKb27+/LfFI1UV9Zom/xEpb8=
-32,-31,UReQQNOAm0z9IWkzXK9GlvkXEfI=,y6S6ROrJmS5a9l7KGtR7417ss6g=
-19,-27,UReQQNOAm0z9IWkzXK9GlvkXEfI=,Ix9hYCccG9V9wFtGd8UlnJVRuZM=
-19,-22,UReQQNOAm0z9IWkzXK9GlvkXEfI=,R3Ij2YfN8TYxw//fCcHufKS1HKQ=
-25,-23,UReQQNOAm0z9IWkzXK9GlvkXEfI=,q5vmKb27+/LfFI1UV9Zom/xEpb8=
-27,-24,UReQQNOAm0z9IWkzXK9GlvkXEfI=,q5vmKb27+/LfFI1UV9Zom/xEpb8=
-28,-24,UReQQNOAm0z9IWkzXK9GlvkXEfI=,q5vmKb27+/LfFI1UV9Zom/xEpb8=
-22,-23,UReQQNOAm0z9IWkzXK9GlvkXEfI=,R3Ij2YfN8TYxw//fCcHufKS1HKQ=
-25,-29,UReQQNOAm0z9IWkzXK9GlvkXEfI=,y6S6ROrJmS5a9l7KGtR7417ss6g=
-29,-24,UReQQNOAm0z9IWkzXK9GlvkXEfI=,q5vmKb27+/LfFI1UV9Zom/xEpb8=
-23,-23,UReQQNOAm0z9IWkzXK9GlvkXEfI=,R3Ij2YfN8TYxw//fCcHufKS1HKQ=
-30,-24,UReQQNOAm0z9IWkzXK9GlvkXEfI=,q5vmKb27+/LfFI1UV9Zom/xEpb8=
-24,-23,UReQQNOAm0z9IWkzXK9GlvkXEfI=,R3Ij2YfN8TYxw//fCcHufKS1HKQ=
-20,-27,UReQQNOAm0z9IWkzXK9GlvkXEfI=,Ix9hYCccG9V9wFtGd8UlnJVRuZM=
-31,-24,UReQQNOAm0z9IWkzXK9GlvkXEfI=,q5vmKb27+/LfFI1UV9Zom/xEpb8=
-22,-18,UReQQNOAm0z9IWkzXK9GlvkXEfI=,R3Ij2YfN8TYxw//fCcHufKS1HKQ=
-21,-27,UReQQNOAm0z9IWkzXK9GlvkXEfI=,Ix9hYCccG9V9wFtGd8UlnJVRuZM=
-32,-24,UReQQNOAm0z9IWkzXK9GlvkXEfI=,q5vmKb27+/LfFI1UV9Zom/xEpb8=
-20,-22,UReQQNOAm0z9IWkzXK9GlvkXEfI=,R3Ij2YfN8TYxw//fCcHufKS1HKQ=
-26,-25,UReQQNOAm0z9IWkzXK9GlvkXEfI=,y6S6ROrJmS5a9l7KGtR7417ss6g=
-25,-20,UReQQNOAm0z9IWkzXK9GlvkXEfI=,q5vmKb27+/LfFI1UV9Zom/xEpb8=
-22,-27,UReQQNOAm0z9IWkzXK9GlvkXEfI=,Ix9hYCccG9V9wFtGd8UlnJVRuZM=
-27,-25,UReQQNOAm0z9IWkzXK9GlvkXEfI=,y6S6ROrJmS5a9l7KGtR7417ss6g=
-22,-21,UReQQNOAm0z9IWkzXK9GlvkXEfI=,R3Ij2YfN8TYxw//fCcHufKS1HKQ=
-23,-27,UReQQNOAm0z9IWkzXK9GlvkXEfI=,Ix9hYCccG9V9wFtGd8UlnJVRuZM=
-28,-25,UReQQNOAm0z9IWkzXK9GlvkXEfI=,y6S6ROrJmS5a9l7KGtR7417ss6g=
-21,-22,UReQQNOAm0z9IWkzXK9GlvkXEfI=,R3Ij2YfN8TYxw//fCcHufKS1HKQ=
-24,-27,UReQQNOAm0z9IWkzXK9GlvkXEfI=,Ix9hYCccG9V9wFtGd8UlnJVRuZM=
-24,-22,UReQQNOAm0z9IWkzXK9GlvkXEfI=,R3Ij2YfN8TYxw//fCcHufKS1HKQ=
-29,-25,UReQQNOAm0z9IWkzXK9GlvkXEfI=,y6S6ROrJmS5a9l7KGtR7417ss6g=
-17,-28,UReQQNOAm0z9IWkzXK9GlvkXEfI=,Ix9hYCccG9V9wFtGd8UlnJVRuZM=
-30,-25,UReQQNOAm0z9IWkzXK9GlvkXEfI=,y6S6ROrJmS5a9l7KGtR7417ss6g=
-17,-23,UReQQNOAm0z9IWkzXK9GlvkXEfI=,R3Ij2YfN8TYxw//fCcHufKS1HKQ=
-31,-25,UReQQNOAm0z9IWkzXK9GlvkXEfI=,y6S6ROrJmS5a9l7KGtR7417ss6g=
-18,-23,UReQQNOAm0z9IWkzXK9GlvkXEfI=,R3Ij2YfN8TYxw//fCcHufKS1HKQ=
-18,-28,UReQQNOAm0z9IWkzXK9GlvkXEfI=,Ix9hYCccG9V9wFtGd8UlnJVRuZM=
-23,-18,UReQQNOAm0z9IWkzXK9GlvkXEfI=,R3Ij2YfN8TYxw//fCcHufKS1HKQ=
-32,-25,UReQQNOAm0z9IWkzXK9GlvkXEfI=,y6S6ROrJmS5a9l7KGtR7417ss6g=
-19,-23,UReQQNOAm0z9IWkzXK9GlvkXEfI=,R3Ij2YfN8TYxw//fCcHufKS1HKQ=
-19,-28,UReQQNOAm0z9IWkzXK9GlvkXEfI=,Ix9hYCccG9V9wFtGd8UlnJVRuZM=
-26,-32,UReQQNOAm0z9IWkzXK9GlvkXEfI=,y6S6ROrJmS5a9l7KGtR7417ss6g=
-17,-18,UReQQNOAm0z9IWkzXK9GlvkXEfI=,R3Ij2YfN8TYxw//fCcHufKS1HKQ=
-20,-23,UReQQNOAm0z9IWkzXK9GlvkXEfI=,R3Ij2YfN8TYxw//fCcHufKS1HKQ=
-25,-30,UReQQNOAm0z9IWkzXK9GlvkXEfI=,y6S6ROrJmS5a9l7KGtR7417ss6g=
-27,-32,UReQQNOAm0z9IWkzXK9GlvkXEfI=,y6S6ROrJmS5a9l7KGtR7417ss6g=
-22,-22,UReQQNOAm0z9IWkzXK9GlvkXEfI=,R3Ij2YfN8TYxw//fCcHufKS1HKQ=
-21,-23,UReQQNOAm0z9IWkzXK9GlvkXEfI=,R3Ij2YfN8TYxw//fCcHufKS1HKQ=
-20,-28,UReQQNOAm0z9IWkzXK9GlvkXEfI=,Ix9hYCccG9V9wFtGd8UlnJVRuZM=
-28,-32,UReQQNOAm0z9IWkzXK9GlvkXEfI=,y6S6ROrJmS5a9l7KGtR7417ss6g=
-24,-18,UReQQNOAm0z9IWkzXK9GlvkXEfI=,R3Ij2YfN8TYxw//fCcHufKS1HKQ=
-21,-28,UReQQNOAm0z9IWkzXK9GlvkXEfI=,Ix9hYCccG9V9wFtGd8UlnJVRuZM=
-17,-19,UReQQNOAm0z9IWkzXK9GlvkXEfI=,R3Ij2YfN8TYxw//fCcHufKS1HKQ=
-29,-32,UReQQNOAm0z9IWkzXK9GlvkXEfI=,y6S6ROrJmS5a9l7KGtR7417ss6g=
-26,-26,UReQQNOAm0z9IWkzXK9GlvkXEfI=,y6S6ROrJmS5a9l7KGtR7417ss6g=
-25,-21,UReQQNOAm0z9IWkzXK9GlvkXEfI=,q5vmKb27+/LfFI1UV9Zom/xEpb8=
-22,-28,UReQQNOAm0z9IWkzXK9GlvkXEfI=,Ix9hYCccG9V9wFtGd8UlnJVRuZM=
-27,-26,UReQQNOAm0z9IWkzXK9GlvkXEfI=,y6S6ROrJmS5a9l7KGtR7417ss6g=
-23,-21,UReQQNOAm0z9IWkzXK9GlvkXEfI=,R3Ij2YfN8TYxw//fCcHufKS1HKQ=
-23,-28,UReQQNOAm0z9IWkzXK9GlvkXEfI=,Ix9hYCccG9V9wFtGd8UlnJVRuZM=
-28,-26,UReQQNOAm0z9IWkzXK9GlvkXEfI=,y6S6ROrJmS5a9l7KGtR7417ss6g=
-23,-22,UReQQNOAm0z9IWkzXK9GlvkXEfI=,R3Ij2YfN8TYxw//fCcHufKS1HKQ=
-18,-18,UReQQNOAm0z9IWkzXK9GlvkXEfI=,R3Ij2YfN8TYxw//fCcHufKS1HKQ=
-24,-28,UReQQNOAm0z9IWkzXK9GlvkXEfI=,Ix9hYCccG9V9wFtGd8UlnJVRuZM=
-30,-32,UReQQNOAm0z9IWkzXK9GlvkXEfI=,y6S6ROrJmS5a9l7KGtR7417ss6g=
-31,-32,UReQQNOAm0z9IWkzXK9GlvkXEfI=,y6S6ROrJmS5a9l7KGtR7417ss6g=
-17,-17,UReQQNOAm0z9IWkzXK9GlvkXEfI=,R3Ij2YfN8TYxw//fCcHufKS1HKQ=
-17,-29,UReQQNOAm0z9IWkzXK9GlvkXEfI=,Ix9hYCccG9V9wFtGd8UlnJVRuZM=
-29,-26,UReQQNOAm0z9IWkzXK9GlvkXEfI=,y6S6ROrJmS5a9l7KGtR7417ss6g=
-18,-19,UReQQNOAm0z9IWkzXK9GlvkXEfI=,R3Ij2YfN8TYxw//fCcHufKS1HKQ=
-25,-31,UReQQNOAm0z9IWkzXK9GlvkXEfI=,y6S6ROrJmS5a9l7KGtR7417ss6g=
-32,-32,UReQQNOAm0z9IWkzXK9GlvkXEfI=,y6S6ROrJmS5a9l7KGtR7417ss6g=
-18,-17,UReQQNOAm0z9IWkzXK9GlvkXEfI=,R3Ij2YfN8TYxw//fCcHufKS1HKQ=
-30,-26,UReQQNOAm0z9IWkzXK9GlvkXEfI=,y6S6ROrJmS5a9l7KGtR7417ss6g=
-18,-29,UReQQNOAm0z9IWkzXK9GlvkXEfI=,Ix9hYCccG9V9wFtGd8UlnJVRuZM=
-19,-17,UReQQNOAm0z9IWkzXK9GlvkXEfI=,R3Ij2YfN8TYxw//fCcHufKS1HKQ=
-31,-26,UReQQNOAm0z9IWkzXK9GlvkXEfI=,y6S6ROrJmS5a9l7KGtR7417ss6g=
-32,-26,UReQQNOAm0z9IWkzXK9GlvkXEfI=,y6S6ROrJmS5a9l7KGtR7417ss6g=
-20,-17,UReQQNOAm0z9IWkzXK9GlvkXEfI=,R3Ij2YfN8TYxw//fCcHufKS1HKQ=
-19,-29,UReQQNOAm0z9IWkzXK9GlvkXEfI=,Ix9hYCccG9V9wFtGd8UlnJVRuZM=
-26,-27,UReQQNOAm0z9IWkzXK9GlvkXEfI=,y6S6ROrJmS5a9l7KGtR7417ss6g=
-27,-27,UReQQNOAm0z9IWkzXK9GlvkXEfI=,y6S6ROrJmS5a9l7KGtR7417ss6g=
-28,-27,UReQQNOAm0z9IWkzXK9GlvkXEfI=,y6S6ROrJmS5a9l7KGtR7417ss6g=
-20,-29,UReQQNOAm0z9IWkzXK9GlvkXEfI=,Ix9hYCccG9V9wFtGd8UlnJVRuZM=
-21,-29,UReQQNOAm0z9IWkzXK9GlvkXEfI=,Ix9hYCccG9V9wFtGd8UlnJVRuZM=
-22,-29,UReQQNOAm0z9IWkzXK9GlvkXEfI=,Ix9hYCccG9V9wFtGd8UlnJVRuZM=
-23,-29,UReQQNOAm0z9IWkzXK9GlvkXEfI=,Ix9hYCccG9V9wFtGd8UlnJVRuZM=
-24,-29,UReQQNOAm0z9IWkzXK9GlvkXEfI=,Ix9hYCccG9V9wFtGd8UlnJVRuZM=
-22,-24,UReQQNOAm0z9IWkzXK9GlvkXEfI=,R3Ij2YfN8TYxw//fCcHufKS1HKQ=
-17,-30,UReQQNOAm0z9IWkzXK9GlvkXEfI=,Ix9hYCccG9V9wFtGd8UlnJVRuZM=
-18,-30,UReQQNOAm0z9IWkzXK9GlvkXEfI=,Ix9hYCccG9V9wFtGd8UlnJVRuZM=
-19,-30,UReQQNOAm0z9IWkzXK9GlvkXEfI=,Ix9hYCccG9V9wFtGd8UlnJVRuZM=
-20,-30,UReQQNOAm0z9IWkzXK9GlvkXEfI=,Ix9hYCccG9V9wFtGd8UlnJVRuZM=
-17,-24,UReQQNOAm0z9IWkzXK9GlvkXEfI=,R3Ij2YfN8TYxw//fCcHufKS1HKQ=
-21,-30,UReQQNOAm0z9IWkzXK9GlvkXEfI=,Ix9hYCccG9V9wFtGd8UlnJVRuZM=
-18,-24,UReQQNOAm0z9IWkzXK9GlvkXEfI=,R3Ij2YfN8TYxw//fCcHufKS1HKQ=
-19,-24,UReQQNOAm0z9IWkzXK9GlvkXEfI=,R3Ij2YfN8TYxw//fCcHufKS1HKQ=
-22,-30,UReQQNOAm0z9IWkzXK9GlvkXEfI=,Ix9hYCccG9V9wFtGd8UlnJVRuZM=
-23,-30,UReQQNOAm0z9IWkzXK9GlvkXEfI=,Ix9hYCccG9V9wFtGd8UlnJVRuZM=
-24,-30,UReQQNOAm0z9IWkzXK9GlvkXEfI=,Ix9hYCccG9V9wFtGd8UlnJVRuZM=
-20,-24,UReQQNOAm0z9IWkzXK9GlvkXEfI=,R3Ij2YfN8TYxw//fCcHufKS1HKQ=
-17,-31,UReQQNOAm0z9IWkzXK9GlvkXEfI=,Ix9hYCccG9V9wFtGd8UlnJVRuZM=
-18,-31,UReQQNOAm0z9IWkzXK9GlvkXEfI=,Ix9hYCccG9V9wFtGd8UlnJVRuZM=
-21,-24,UReQQNOAm0z9IWkzXK9GlvkXEfI=,R3Ij2YfN8TYxw//fCcHufKS1HKQ=
-19,-31,UReQQNOAm0z9IWkzXK9GlvkXEfI=,Ix9hYCccG9V9wFtGd8UlnJVRuZM=
-20,-31,UReQQNOAm0z9IWkzXK9GlvkXEfI=,Ix9hYCccG9V9wFtGd8UlnJVRuZM=
-21,-31,UReQQNOAm0z9IWkzXK9GlvkXEfI=,Ix9hYCccG9V9wFtGd8UlnJVRuZM=
-22,-31,UReQQNOAm0z9IWkzXK9GlvkXEfI=,Ix9hYCccG9V9wFtGd8UlnJVRuZM=
-23,-31,UReQQNOAm0z9IWkzXK9GlvkXEfI=,Ix9hYCccG9V9wFtGd8UlnJVRuZM=
-25,-24,UReQQNOAm0z9IWkzXK9GlvkXEfI=,q5vmKb27+/LfFI1UV9Zom/xEpb8=
-24,-31,UReQQNOAm0z9IWkzXK9GlvkXEfI=,Ix9hYCccG9V9wFtGd8UlnJVRuZM=
-17,-32,UReQQNOAm0z9IWkzXK9GlvkXEfI=,Ix9hYCccG9V9wFtGd8UlnJVRuZM=
-18,-32,UReQQNOAm0z9IWkzXK9GlvkXEfI=,Ix9hYCccG9V9wFtGd8UlnJVRuZM=
-25,-32,UReQQNOAm0z9IWkzXK9GlvkXEfI=,y6S6ROrJmS5a9l7KGtR7417ss6g=
-25,-25,UReQQNOAm0z9IWkzXK9GlvkXEfI=,y6S6ROrJmS5a9l7KGtR7417ss6g=
-19,-32,UReQQNOAm0z9IWkzXK9GlvkXEfI=,Ix9hYCccG9V9wFtGd8UlnJVRuZM=
-25,-26,UReQQNOAm0z9IWkzXK9GlvkXEfI=,y6S6ROrJmS5a9l7KGtR7417ss6g=
-20,-32,UReQQNOAm0z9IWkzXK9GlvkXEfI=,Ix9hYCccG9V9wFtGd8UlnJVRuZM=
-24,-24,UReQQNOAm0z9IWkzXK9GlvkXEfI=,R3Ij2YfN8TYxw//fCcHufKS1HKQ=
-21,-32,UReQQNOAm0z9IWkzXK9GlvkXEfI=,Ix9hYCccG9V9wFtGd8UlnJVRuZM=
-22,-32,UReQQNOAm0z9IWkzXK9GlvkXEfI=,Ix9hYCccG9V9wFtGd8UlnJVRuZM=
-23,-32,UReQQNOAm0z9IWkzXK9GlvkXEfI=,Ix9hYCccG9V9wFtGd8UlnJVRuZM=
-17,-25,UReQQNOAm0z9IWkzXK9GlvkXEfI=,Ix9hYCccG9V9wFtGd8UlnJVRuZM=
-18,-25,UReQQNOAm0z9IWkzXK9GlvkXEfI=,Ix9hYCccG9V9wFtGd8UlnJVRuZM=
-24,-32,UReQQNOAm0z9IWkzXK9GlvkXEfI=,Ix9hYCccG9V9wFtGd8UlnJVRuZM=
-25,-27,UReQQNOAm0z9IWkzXK9GlvkXEfI=,y6S6ROrJmS5a9l7KGtR7417ss6g=
-19,-25,UReQQNOAm0z9IWkzXK9GlvkXEfI=,Ix9hYCccG9V9wFtGd8UlnJVRuZM=
-20,-25,UReQQNOAm0z9IWkzXK9GlvkXEfI=,Ix9hYCccG9V9wFtGd8UlnJVRuZM=
-21,-9,UReQQNOAm0z9IWkzXK9GlvkXEfI=,H3+aWr4CXfajePXpB9AN7Bgt/LQ=
-19,-10,UReQQNOAm0z9IWkzXK9GlvkXEfI=,H3+aWr4CXfajePXpB9AN7Bgt/LQ=
-22,-9,UReQQNOAm0z9IWkzXK9GlvkXEfI=,H3+aWr4CXfajePXpB9AN7Bgt/LQ=
-21,-14,UReQQNOAm0z9IWkzXK9GlvkXEfI=,H3+aWr4CXfajePXpB9AN7Bgt/LQ=
-21,-15,UReQQNOAm0z9IWkzXK9GlvkXEfI=,H3+aWr4CXfajePXpB9AN7Bgt/LQ=
-22,-14,UReQQNOAm0z9IWkzXK9GlvkXEfI=,H3+aWr4CXfajePXpB9AN7Bgt/LQ=
-23,-14,UReQQNOAm0z9IWkzXK9GlvkXEfI=,H3+aWr4CXfajePXpB9AN7Bgt/LQ=
-17,-11,UReQQNOAm0z9IWkzXK9GlvkXEfI=,H3+aWr4CXfajePXpB9AN7Bgt/LQ=
-23,-11,UReQQNOAm0z9IWkzXK9GlvkXEfI=,H3+aWr4CXfajePXpB9AN7Bgt/LQ=
-24,-14,UReQQNOAm0z9IWkzXK9GlvkXEfI=,H3+aWr4CXfajePXpB9AN7Bgt/LQ=
-23,-9,UReQQNOAm0z9IWkzXK9GlvkXEfI=,H3+aWr4CXfajePXpB9AN7Bgt/LQ=
-18,-11,UReQQNOAm0z9IWkzXK9GlvkXEfI=,H3+aWr4CXfajePXpB9AN7Bgt/LQ=
-17,-15,UReQQNOAm0z9IWkzXK9GlvkXEfI=,H3+aWr4CXfajePXpB9AN7Bgt/LQ=
-20,-10,UReQQNOAm0z9IWkzXK9GlvkXEfI=,H3+aWr4CXfajePXpB9AN7Bgt/LQ=
-24,-11,UReQQNOAm0z9IWkzXK9GlvkXEfI=,H3+aWr4CXfajePXpB9AN7Bgt/LQ=
-18,-15,UReQQNOAm0z9IWkzXK9GlvkXEfI=,H3+aWr4CXfajePXpB9AN7Bgt/LQ=
-19,-15,UReQQNOAm0z9IWkzXK9GlvkXEfI=,H3+aWr4CXfajePXpB9AN7Bgt/LQ=
-21,-10,UReQQNOAm0z9IWkzXK9GlvkXEfI=,H3+aWr4CXfajePXpB9AN7Bgt/LQ=
-17,-12,UReQQNOAm0z9IWkzXK9GlvkXEfI=,H3+aWr4CXfajePXpB9AN7Bgt/LQ=
-21,-16,UReQQNOAm0z9IWkzXK9GlvkXEfI=,H3+aWr4CXfajePXpB9AN7Bgt/LQ=
-22,-10,UReQQNOAm0z9IWkzXK9GlvkXEfI=,H3+aWr4CXfajePXpB9AN7Bgt/LQ=
-19,-11,UReQQNOAm0z9IWkzXK9GlvkXEfI=,H3+aWr4CXfajePXpB9AN7Bgt/LQ=
-18,-12,UReQQNOAm0z9IWkzXK9GlvkXEfI=,H3+aWr4CXfajePXpB9AN7Bgt/LQ=
-22,-15,UReQQNOAm0z9IWkzXK9GlvkXEfI=,H3+aWr4CXfajePXpB9AN7Bgt/LQ=
-20,-15,UReQQNOAm0z9IWkzXK9GlvkXEfI=,H3+aWr4CXfajePXpB9AN7Bgt/LQ=
-23,-15,UReQQNOAm0z9IWkzXK9GlvkXEfI=,H3+aWr4CXfajePXpB9AN7Bgt/LQ=
-19,-12,UReQQNOAm0z9IWkzXK9GlvkXEfI=,H3+aWr4CXfajePXpB9AN7Bgt/LQ=
-20,-12,UReQQNOAm0z9IWkzXK9GlvkXEfI=,H3+aWr4CXfajePXpB9AN7Bgt/LQ=
-24,-15,UReQQNOAm0z9IWkzXK9GlvkXEfI=,H3+aWr4CXfajePXpB9AN7Bgt/LQ=
-21,-12,UReQQNOAm0z9IWkzXK9GlvkXEfI=,H3+aWr4CXfajePXpB9AN7Bgt/LQ=
-24,-9,UReQQNOAm0z9IWkzXK9GlvkXEfI=,H3+aWr4CXfajePXpB9AN7Bgt/LQ=
-17,-16,UReQQNOAm0z9IWkzXK9GlvkXEfI=,H3+aWr4CXfajePXpB9AN7Bgt/LQ=
-17,-10,UReQQNOAm0z9IWkzXK9GlvkXEfI=,H3+aWr4CXfajePXpB9AN7Bgt/LQ=
-23,-10,UReQQNOAm0z9IWkzXK9GlvkXEfI=,H3+aWr4CXfajePXpB9AN7Bgt/LQ=
-22,-16,UReQQNOAm0z9IWkzXK9GlvkXEfI=,H3+aWr4CXfajePXpB9AN7Bgt/LQ=
-23,-12,UReQQNOAm0z9IWkzXK9GlvkXEfI=,H3+aWr4CXfajePXpB9AN7Bgt/LQ=
-18,-16,UReQQNOAm0z9IWkzXK9GlvkXEfI=,H3+aWr4CXfajePXpB9AN7Bgt/LQ=
-21,-13,UReQQNOAm0z9IWkzXK9GlvkXEfI=,H3+aWr4CXfajePXpB9AN7Bgt/LQ=
-19,-16,UReQQNOAm0z9IWkzXK9GlvkXEfI=,H3+aWr4CXfajePXpB9AN7Bgt/LQ=
-24,-12,UReQQNOAm0z9IWkzXK9GlvkXEfI=,H3+aWr4CXfajePXpB9AN7Bgt/LQ=
-20,-16,UReQQNOAm0z9IWkzXK9GlvkXEfI=,H3+aWr4CXfajePXpB9AN7Bgt/LQ=
-22,-13,UReQQNOAm0z9IWkzXK9GlvkXEfI=,H3+aWr4CXfajePXpB9AN7Bgt/LQ=
-23,-13,UReQQNOAm0z9IWkzXK9GlvkXEfI=,H3+aWr4CXfajePXpB9AN7Bgt/LQ=
-24,-13,UReQQNOAm0z9IWkzXK9GlvkXEfI=,H3+aWr4CXfajePXpB9AN7Bgt/LQ=
-17,-14,UReQQNOAm0z9IWkzXK9GlvkXEfI=,H3+aWr4CXfajePXpB9AN7Bgt/LQ=
-18,-10,UReQQNOAm0z9IWkzXK9GlvkXEfI=,H3+aWr4CXfajePXpB9AN7Bgt/LQ=
-17,-13,UReQQNOAm0z9IWkzXK9GlvkXEfI=,H3+aWr4CXfajePXpB9AN7Bgt/LQ=
-18,-13,UReQQNOAm0z9IWkzXK9GlvkXEfI=,H3+aWr4CXfajePXpB9AN7Bgt/LQ=
-19,-13,UReQQNOAm0z9IWkzXK9GlvkXEfI=,H3+aWr4CXfajePXpB9AN7Bgt/LQ=
-18,-14,UReQQNOAm0z9IWkzXK9GlvkXEfI=,H3+aWr4CXfajePXpB9AN7Bgt/LQ=
-19,-14,UReQQNOAm0z9IWkzXK9GlvkXEfI=,H3+aWr4CXfajePXpB9AN7Bgt/LQ=
-20,-13,UReQQNOAm0z9IWkzXK9GlvkXEfI=,H3+aWr4CXfajePXpB9AN7Bgt/LQ=
-23,-16,UReQQNOAm0z9IWkzXK9GlvkXEfI=,H3+aWr4CXfajePXpB9AN7Bgt/LQ=
-22,-12,UReQQNOAm0z9IWkzXK9GlvkXEfI=,H3+aWr4CXfajePXpB9AN7Bgt/LQ=
-17,-9,UReQQNOAm0z9IWkzXK9GlvkXEfI=,H3+aWr4CXfajePXpB9AN7Bgt/LQ=
-20,-14,UReQQNOAm0z9IWkzXK9GlvkXEfI=,H3+aWr4CXfajePXpB9AN7Bgt/LQ=
-24,-10,UReQQNOAm0z9IWkzXK9GlvkXEfI=,H3+aWr4CXfajePXpB9AN7Bgt/LQ=
-18,-9,UReQQNOAm0z9IWkzXK9GlvkXEfI=,H3+aWr4CXfajePXpB9AN7Bgt/LQ=
-24,-16,UReQQNOAm0z9IWkzXK9GlvkXEfI=,H3+aWr4CXfajePXpB9AN7Bgt/LQ=
-19,-9,UReQQNOAm0z9IWkzXK9GlvkXEfI=,H3+aWr4CXfajePXpB9AN7Bgt/LQ=
-20,-11,UReQQNOAm0z9IWkzXK9GlvkXEfI=,H3+aWr4CXfajePXpB9AN7Bgt/LQ=
-21,-11,UReQQNOAm0z9IWkzXK9GlvkXEfI=,H3+aWr4CXfajePXpB9AN7Bgt/LQ=
-22,-11,UReQQNOAm0z9IWkzXK9GlvkXEfI=,H3+aWr4CXfajePXpB9AN7Bgt/LQ=
-20,-9,UReQQNOAm0z9IWkzXK9GlvkXEfI=,H3+aWr4CXfajePXpB9AN7Bgt/LQ=
