45,36,1FYdfALdY3XrjFNiIWUNfHSpzPU=,6ztnQb0vZ7wLSpTUpAHfJwrk9BU=
47,33,1FYdfALdY3XrjFNiIWUNfHSpzPU=,6ztnQb0vZ7wLSpTUpAHfJwrk9BU=
46,33,1FYdfALdY3XrjFNiIWUNfHSpzPU=,6ztnQb0vZ7wLSpTUpAHfJwrk9BU=
45,35,1FYdfALdY3XrjFNiIWUNfHSpzPU=,6ztnQb0vZ7wLSpTUpAHfJwrk9BU=
45,33,1FYdfALdY3XrjFNiIWUNfHSpzPU=,6ztnQb0vZ7wLSpTUpAHfJwrk9BU=
43,32,1FYdfALdY3XrjFNiIWUNfHSpzPU=,6ztnQb0vZ7wLSpTUpAHfJwrk9BU=
47,34,1FYdfALdY3XrjFNiIWUNfHSpzPU=,6ztnQb0vZ7wLSpTUpAHfJwrk9BU=
46,34,1FYdfALdY3XrjFNiIWUNfHSpzPU=,6ztnQb0vZ7wLSpTUpAHfJwrk9BU=
43,37,1FYdfALdY3XrjFNiIWUNfHSpzPU=,6ztnQb0vZ7wLSpTUpAHfJwrk9BU=
44,35,1FYdfALdY3XrjFNiIWUNfHSpzPU=,6ztnQb0vZ7wLSpTUpAHfJwrk9BU=
44,36,1FYdfALdY3XrjFNiIWUNfHSpzPU=,6ztnQb0vZ7wLSpTUpAHfJwrk9BU=
42,37,1FYdfALdY3XrjFNiIWUNfHSpzPU=,6ztnQb0vZ7wLSpTUpAHfJwrk9BU=
43,35,1FYdfALdY3XrjFNiIWUNfHSpzPU=,6ztnQb0vZ7wLSpTUpAHfJwrk9BU=
45,34,1FYdfALdY3XrjFNiIWUNfHSpzPU=,6ztnQb0vZ7wLSpTUpAHfJwrk9BU=
43,36,1FYdfALdY3XrjFNiIWUNfHSpzPU=,6ztnQb0vZ7wLSpTUpAHfJwrk9BU=
41,37,1FYdfALdY3XrjFNiIWUNfHSpzPU=,6ztnQb0vZ7wLSpTUpAHfJwrk9BU=
42,35,1FYdfALdY3XrjFNiIWUNfHSpzPU=,6ztnQb0vZ7wLSpTUpAHfJwrk9BU=
40,37,1FYdfALdY3XrjFNiIWUNfHSpzPU=,6ztnQb0vZ7wLSpTUpAHfJwrk9BU=
41,35,1FYdfALdY3XrjFNiIWUNfHSpzPU=,6ztnQb0vZ7wLSpTUpAHfJwrk9BU=
47,39,1FYdfALdY3XrjFNiIWUNfHSpzPU=,6ztnQb0vZ7wLSpTUpAHfJwrk9BU=
46,39,1FYdfALdY3XrjFNiIWUNfHSpzPU=,6ztnQb0vZ7wLSpTUpAHfJwrk9BU=
45,39,1FYdfALdY3XrjFNiIWUNfHSpzPU=,6ztnQb0vZ7wLSpTUpAHfJwrk9BU=
42,36,1FYdfALdY3XrjFNiIWUNfHSpzPU=,6ztnQb0vZ7wLSpTUpAHfJwrk9BU=
44,39,1FYdfALdY3XrjFNiIWUNfHSpzPU=,6ztnQb0vZ7wLSpTUpAHfJwrk9BU=
43,39,1FYdfALdY3XrjFNiIWUNfHSpzPU=,6ztnQb0vZ7wLSpTUpAHfJwrk9BU=
44,34,1FYdfALdY3XrjFNiIWUNfHSpzPU=,6ztnQb0vZ7wLSpTUpAHfJwrk9BU=
47,36,1FYdfALdY3XrjFNiIWUNfHSpzPU=,6ztnQb0vZ7wLSpTUpAHfJwrk9BU=
40,35,1FYdfALdY3XrjFNiIWUNfHSpzPU=,6ztnQb0vZ7wLSpTUpAHfJwrk9BU=
42,39,1FYdfALdY3XrjFNiIWUNfHSpzPU=,6ztnQb0vZ7wLSpTUpAHfJwrk9BU=
41,39,1FYdfALdY3XrjFNiIWUNfHSpzPU=,6ztnQb0vZ7wLSpTUpAHfJwrk9BU=
40,39,1FYdfALdY3XrjFNiIWUNfHSpzPU=,6ztnQb0vZ7wLSpTUpAHfJwrk9BU=
47,38,1FYdfALdY3XrjFNiIWUNfHSpzPU=,6ztnQb0vZ7wLSpTUpAHfJwrk9BU=
46,38,1FYdfALdY3XrjFNiIWUNfHSpzPU=,6ztnQb0vZ7wLSpTUpAHfJwrk9BU=
43,34,1FYdfALdY3XrjFNiIWUNfHSpzPU=,6ztnQb0vZ7wLSpTUpAHfJwrk9BU=
45,38,msS5sJviOlZkpLsRxW6fF1+iqXQ=,6ztnQb0vZ7wLSpTUpAHfJwrk9BU=
44,38,msS5sJviOlZkpLsRxW6fF1+iqXQ=,6ztnQb0vZ7wLSpTUpAHfJwrk9BU=
41,36,msS5sJviOlZkpLsRxW6fF1+iqXQ=,6ztnQb0vZ7wLSpTUpAHfJwrk9BU=
43,38,msS5sJviOlZkpLsRxW6fF1+iqXQ=,6ztnQb0vZ7wLSpTUpAHfJwrk9BU=
42,34,msS5sJviOlZkpLsRxW6fF1+iqXQ=,6ztnQb0vZ7wLSpTUpAHfJwrk9BU=
46,36,msS5sJviOlZkpLsRxW6fF1+iqXQ=,6ztnQb0vZ7wLSpTUpAHfJwrk9BU=
40,36,msS5sJviOlZkpLsRxW6fF1+iqXQ=,6ztnQb0vZ7wLSpTUpAHfJwrk9BU=
42,32,msS5sJviOlZkpLsRxW6fF1+iqXQ=,6ztnQb0vZ7wLSpTUpAHfJwrk9BU=
47,35,msS5sJviOlZkpLsRxW6fF1+iqXQ=,6ztnQb0vZ7wLSpTUpAHfJwrk9BU=
41,33,msS5sJviOlZkpLsRxW6fF1+iqXQ=,6ztnQb0vZ7wLSpTUpAHfJwrk9BU=
40,33,msS5sJviOlZkpLsRxW6fF1+iqXQ=,6ztnQb0vZ7wLSpTUpAHfJwrk9BU=
41,34,msS5sJviOlZkpLsRxW6fF1+iqXQ=,6ztnQb0vZ7wLSpTUpAHfJwrk9BU=
42,38,msS5sJviOlZkpLsRxW6fF1+iqXQ=,6ztnQb0vZ7wLSpTUpAHfJwrk9BU=
47,32,msS5sJviOlZkpLsRxW6fF1+iqXQ=,6ztnQb0vZ7wLSpTUpAHfJwrk9BU=
46,32,msS5sJviOlZkpLsRxW6fF1+iqXQ=,6ztnQb0vZ7wLSpTUpAHfJwrk9BU=
45,32,msS5sJviOlZkpLsRxW6fF1+iqXQ=,6ztnQb0vZ7wLSpTUpAHfJwrk9BU=
41,38,msS5sJviOlZkpLsRxW6fF1+iqXQ=,6ztnQb0vZ7wLSpTUpAHfJwrk9BU=
40,38,msS5sJviOlZkpLsRxW6fF1+iqXQ=,6ztnQb0vZ7wLSpTUpAHfJwrk9BU=
44,32,msS5sJviOlZkpLsRxW6fF1+iqXQ=,6ztnQb0vZ7wLSpTUpAHfJwrk9BU=
41,32,msS5sJviOlZkpLsRxW6fF1+iqXQ=,6ztnQb0vZ7wLSpTUpAHfJwrk9BU=
47,37,msS5sJviOlZkpLsRxW6fF1+iqXQ=,6ztnQb0vZ7wLSpTUpAHfJwrk9BU=
40,34,msS5sJviOlZkpLsRxW6fF1+iqXQ=,6ztnQb0vZ7wLSpTUpAHfJwrk9BU=
46,35,msS5sJviOlZkpLsRxW6fF1+iqXQ=,6ztnQb0vZ7wLSpTUpAHfJwrk9BU=
40,32,msS5sJviOlZkpLsRxW6fF1+iqXQ=,6ztnQb0vZ7wLSpTUpAHfJwrk9BU=
44,33,msS5sJviOlZkpLsRxW6fF1+iqXQ=,6ztnQb0vZ7wLSpTUpAHfJwrk9BU=
43,33,msS5sJviOlZkpLsRxW6fF1+iqXQ=,6ztnQb0vZ7wLSpTUpAHfJwrk9BU=
46,37,msS5sJviOlZkpLsRxW6fF1+iqXQ=,6ztnQb0vZ7wLSpTUpAHfJwrk9BU=
45,37,msS5sJviOlZkpLsRxW6fF1+iqXQ=,6ztnQb0vZ7wLSpTUpAHfJwrk9BU=
42,33,msS5sJviOlZkpLsRxW6fF1+iqXQ=,6ztnQb0vZ7wLSpTUpAHfJwrk9BU=
44,37,msS5sJviOlZkpLsRxW6fF1+iqXQ=,6ztnQb0vZ7wLSpTUpAHfJwrk9BU=
63,39,msS5sJviOlZkpLsRxW6fF1+iqXQ=,hOtVf5r+nN6fQeoazOfWA93F3Pc=
55,39,msS5sJviOlZkpLsRxW6fF1+iqXQ=,hU5ipEJmtkiJgfX8E9nRD1UWI2U=
59,35,msS5sJviOlZkpLsRxW6fF1+iqXQ=,hOtVf5r+nN6fQeoazOfWA93F3Pc=
49,32,msS5sJviOlZkpLsRxW6fF1+iqXQ=,hU5ipEJmtkiJgfX8E9nRD1UWI2U=
58,35,msS5sJviOlZkpLsRxW6fF1+iqXQ=,hOtVf5r+nN6fQeoazOfWA93F3Pc=
54,39,msS5sJviOlZkpLsRxW6fF1+iqXQ=,hU5ipEJmtkiJgfX8E9nRD1UWI2U=
62,39,msS5sJviOlZkpLsRxW6fF1+iqXQ=,hOtVf5r+nN6fQeoazOfWA93F3Pc=
53,39,msS5sJviOlZkpLsRxW6fF1+iqXQ=,hU5ipEJmtkiJgfX8E9nRD1UWI2U=
61,39,msS5sJviOlZkpLsRxW6fF1+iqXQ=,hOtVf5r+nN6fQeoazOfWA93F3Pc=
52,39,msS5sJviOlZkpLsRxW6fF1+iqXQ=,hU5ipEJmtkiJgfX8E9nRD1UWI2U=
57,35,msS5sJviOlZkpLsRxW6fF1+iqXQ=,hOtVf5r+nN6fQeoazOfWA93F3Pc=
55,33,msS5sJviOlZkpLsRxW6fF1+iqXQ=,hU5ipEJmtkiJgfX8E9nRD1UWI2U=
60,39,msS5sJviOlZkpLsRxW6fF1+iqXQ=,hOtVf5r+nN6fQeoazOfWA93F3Pc=
54,33,msS5sJviOlZkpLsRxW6fF1+iqXQ=,hU5ipEJmtkiJgfX8E9nRD1UWI2U=
59,39,msS5sJviOlZkpLsRxW6fF1+iqXQ=,hOtVf5r+nN6fQeoazOfWA93F3Pc=
56,35,msS5sJviOlZkpLsRxW6fF1+iqXQ=,hOtVf5r+nN6fQeoazOfWA93F3Pc=
51,39,msS5sJviOlZkpLsRxW6fF1+iqXQ=,hU5ipEJmtkiJgfX8E9nRD1UWI2U=
58,39,msS5sJviOlZkpLsRxW6fF1+iqXQ=,hOtVf5r+nN6fQeoazOfWA93F3Pc=
56,39,msS5sJviOlZkpLsRxW6fF1+iqXQ=,hOtVf5r+nN6fQeoazOfWA93F3Pc=
57,39,msS5sJviOlZkpLsRxW6fF1+iqXQ=,hOtVf5r+nN6fQeoazOfWA93F3Pc=
50,39,msS5sJviOlZkpLsRxW6fF1+iqXQ=,hU5ipEJmtkiJgfX8E9nRD1UWI2U=
63,34,msS5sJviOlZkpLsRxW6fF1+iqXQ=,hOtVf5r+nN6fQeoazOfWA93F3Pc=
49,33,msS5sJviOlZkpLsRxW6fF1+iqXQ=,hU5ipEJmtkiJgfX8E9nRD1UWI2U=
62,34,msS5sJviOlZkpLsRxW6fF1+iqXQ=,hOtVf5r+nN6fQeoazOfWA93F3Pc=
61,34,msS5sJviOlZkpLsRxW6fF1+iqXQ=,hOtVf5r+nN6fQeoazOfWA93F3Pc=
56,34,msS5sJviOlZkpLsRxW6fF1+iqXQ=,hOtVf5r+nN6fQeoazOfWA93F3Pc=
49,39,msS5sJviOlZkpLsRxW6fF1+iqXQ=,hU5ipEJmtkiJgfX8E9nRD1UWI2U=
60,34,msS5sJviOlZkpLsRxW6fF1+iqXQ=,hOtVf5r+nN6fQeoazOfWA93F3Pc=
63,38,msS5sJviOlZkpLsRxW6fF1+iqXQ=,hOtVf5r+nN6fQeoazOfWA93F3Pc=
48,39,msS5sJviOlZkpLsRxW6fF1+iqXQ=,hU5ipEJmtkiJgfX8E9nRD1UWI2U=
62,38,msS5sJviOlZkpLsRxW6fF1+iqXQ=,hOtVf5r+nN6fQeoazOfWA93F3Pc=
53,33,msS5sJviOlZkpLsRxW6fF1+iqXQ=,hU5ipEJmtkiJgfX8E9nRD1UWI2U=
59,34,msS5sJviOlZkpLsRxW6fF1+iqXQ=,hOtVf5r+nN6fQeoazOfWA93F3Pc=
52,33,msS5sJviOlZkpLsRxW6fF1+iqXQ=,hU5ipEJmtkiJgfX8E9nRD1UWI2U=
56,33,msS5sJviOlZkpLsRxW6fF1+iqXQ=,hOtVf5r+nN6fQeoazOfWA93F3Pc=
58,34,msS5sJviOlZkpLsRxW6fF1+iqXQ=,hOtVf5r+nN6fQeoazOfWA93F3Pc=
51,33,msS5sJviOlZkpLsRxW6fF1+iqXQ=,hU5ipEJmtkiJgfX8E9nRD1UWI2U=
57,34,msS5sJviOlZkpLsRxW6fF1+iqXQ=,hOtVf5r+nN6fQeoazOfWA93F3Pc=
63,33,msS5sJviOlZkpLsRxW6fF1+iqXQ=,hOtVf5r+nN6fQeoazOfWA93F3Pc=
50,33,msS5sJviOlZkpLsRxW6fF1+iqXQ=,hU5ipEJmtkiJgfX8E9nRD1UWI2U=
61,38,msS5sJviOlZkpLsRxW6fF1+iqXQ=,hOtVf5r+nN6fQeoazOfWA93F3Pc=
51,32,msS5sJviOlZkpLsRxW6fF1+iqXQ=,hU5ipEJmtkiJgfX8E9nRD1UWI2U=
56,38,msS5sJviOlZkpLsRxW6fF1+iqXQ=,hOtVf5r+nN6fQeoazOfWA93F3Pc=
60,38,msS5sJviOlZkpLsRxW6fF1+iqXQ=,hOtVf5r+nN6fQeoazOfWA93F3Pc=
62,33,msS5sJviOlZkpLsRxW6fF1+iqXQ=,hOtVf5r+nN6fQeoazOfWA93F3Pc=
55,38,msS5sJviOlZkpLsRxW6fF1+iqXQ=,hU5ipEJmtkiJgfX8E9nRD1UWI2U=
61,33,msS5sJviOlZkpLsRxW6fF1+iqXQ=,hOtVf5r+nN6fQeoazOfWA93F3Pc=
53,34,msS5sJviOlZkpLsRxW6fF1+iqXQ=,hU5ipEJmtkiJgfX8E9nRD1UWI2U=
60,33,msS5sJviOlZkpLsRxW6fF1+iqXQ=,hOtVf5r+nN6fQeoazOfWA93F3Pc=
56,32,msS5sJviOlZkpLsRxW6fF1+iqXQ=,hOtVf5r+nN6fQeoazOfWA93F3Pc=
54,38,msS5sJviOlZkpLsRxW6fF1+iqXQ=,hU5ipEJmtkiJgfX8E9nRD1UWI2U=
59,33,msS5sJviOlZkpLsRxW6fF1+iqXQ=,hOtVf5r+nN6fQeoazOfWA93F3Pc=
53,38,msS5sJviOlZkpLsRxW6fF1+iqXQ=,hU5ipEJmtkiJgfX8E9nRD1UWI2U=
58,33,msS5sJviOlZkpLsRxW6fF1+iqXQ=,hOtVf5r+nN6fQeoazOfWA93F3Pc=
52,34,msS5sJviOlZkpLsRxW6fF1+iqXQ=,hU5ipEJmtkiJgfX8E9nRD1UWI2U=
57,33,msS5sJviOlZkpLsRxW6fF1+iqXQ=,hOtVf5r+nN6fQeoazOfWA93F3Pc=
63,32,msS5sJviOlZkpLsRxW6fF1+iqXQ=,hOtVf5r+nN6fQeoazOfWA93F3Pc=
52,38,msS5sJviOlZkpLsRxW6fF1+iqXQ=,hU5ipEJmtkiJgfX8E9nRD1UWI2U=
62,32,msS5sJviOlZkpLsRxW6fF1+iqXQ=,hOtVf5r+nN6fQeoazOfWA93F3Pc=
51,38,msS5sJviOlZkpLsRxW6fF1+iqXQ=,hU5ipEJmtkiJgfX8E9nRD1UWI2U=
59,38,msS5sJviOlZkpLsRxW6fF1+iqXQ=,hOtVf5r+nN6fQeoazOfWA93F3Pc=
48,33,msS5sJviOlZkpLsRxW6fF1+iqXQ=,hU5ipEJmtkiJgfX8E9nRD1UWI2U=
50,38,msS5sJviOlZkpLsRxW6fF1+iqXQ=,hU5ipEJmtkiJgfX8E9nRD1UWI2U=
61,32,msS5sJviOlZkpLsRxW6fF1+iqXQ=,hOtVf5r+nN6fQeoazOfWA93F3Pc=
49,38,msS5sJviOlZkpLsRxW6fF1+iqXQ=,hU5ipEJmtkiJgfX8E9nRD1UWI2U=
58,38,msS5sJviOlZkpLsRxW6fF1+iqXQ=,hOtVf5r+nN6fQeoazOfWA93F3Pc=
48,38,msS5sJviOlZkpLsRxW6fF1+iqXQ=,hU5ipEJmtkiJgfX8E9nRD1UWI2U=
57,38,msS5sJviOlZkpLsRxW6fF1+iqXQ=,hOtVf5r+nN6fQeoazOfWA93F3Pc=
50,32,msS5sJviOlZkpLsRxW6fF1+iqXQ=,hU5ipEJmtkiJgfX8E9nRD1UWI2U=
60,32,msS5sJviOlZkpLsRxW6fF1+iqXQ=,hOtVf5r+nN6fQeoazOfWA93F3Pc=
55,37,msS5sJviOlZkpLsRxW6fF1+iqXQ=,hU5ipEJmtkiJgfX8E9nRD1UWI2U=
59,32,msS5sJviOlZkpLsRxW6fF1+iqXQ=,hOtVf5r+nN6fQeoazOfWA93F3Pc=
58,32,msS5sJviOlZkpLsRxW6fF1+iqXQ=,hOtVf5r+nN6fQeoazOfWA93F3Pc=
54,37,msS5sJviOlZkpLsRxW6fF1+iqXQ=,hU5ipEJmtkiJgfX8E9nRD1UWI2U=
53,37,msS5sJviOlZkpLsRxW6fF1+iqXQ=,hU5ipEJmtkiJgfX8E9nRD1UWI2U=
57,32,msS5sJviOlZkpLsRxW6fF1+iqXQ=,hOtVf5r+nN6fQeoazOfWA93F3Pc=
63,37,msS5sJviOlZkpLsRxW6fF1+iqXQ=,hOtVf5r+nN6fQeoazOfWA93F3Pc=
52,37,msS5sJviOlZkpLsRxW6fF1+iqXQ=,hU5ipEJmtkiJgfX8E9nRD1UWI2U=
62,37,msS5sJviOlZkpLsRxW6fF1+iqXQ=,hOtVf5r+nN6fQeoazOfWA93F3Pc=
56,37,msS5sJviOlZkpLsRxW6fF1+iqXQ=,hOtVf5r+nN6fQeoazOfWA93F3Pc=
61,37,msS5sJviOlZkpLsRxW6fF1+iqXQ=,hOtVf5r+nN6fQeoazOfWA93F3Pc=
51,37,msS5sJviOlZkpLsRxW6fF1+iqXQ=,hU5ipEJmtkiJgfX8E9nRD1UWI2U=
50,37,msS5sJviOlZkpLsRxW6fF1+iqXQ=,hU5ipEJmtkiJgfX8E9nRD1UWI2U=
60,37,msS5sJviOlZkpLsRxW6fF1+iqXQ=,hOtVf5r+nN6fQeoazOfWA93F3Pc=
59,37,msS5sJviOlZkpLsRxW6fF1+iqXQ=,hOtVf5r+nN6fQeoazOfWA93F3Pc=
55,32,msS5sJviOlZkpLsRxW6fF1+iqXQ=,hU5ipEJmtkiJgfX8E9nRD1UWI2U=
51,34,msS5sJviOlZkpLsRxW6fF1+iqXQ=,hU5ipEJmtkiJgfX8E9nRD1UWI2U=
58,37,msS5sJviOlZkpLsRxW6fF1+iqXQ=,hOtVf5r+nN6fQeoazOfWA93F3Pc=
57,37,msS5sJviOlZkpLsRxW6fF1+iqXQ=,hOtVf5r+nN6fQeoazOfWA93F3Pc=
49,37,msS5sJviOlZkpLsRxW6fF1+iqXQ=,hU5ipEJmtkiJgfX8E9nRD1UWI2U=
48,37,msS5sJviOlZkpLsRxW6fF1+iqXQ=,hU5ipEJmtkiJgfX8E9nRD1UWI2U=
63,36,msS5sJviOlZkpLsRxW6fF1+iqXQ=,hOtVf5r+nN6fQeoazOfWA93F3Pc=
54,32,msS5sJviOlZkpLsRxW6fF1+iqXQ=,hU5ipEJmtkiJgfX8E9nRD1UWI2U=
62,36,msS5sJviOlZkpLsRxW6fF1+iqXQ=,hOtVf5r+nN6fQeoazOfWA93F3Pc=
61,36,msS5sJviOlZkpLsRxW6fF1+iqXQ=,hOtVf5r+nN6fQeoazOfWA93F3Pc=
55,36,msS5sJviOlZkpLsRxW6fF1+iqXQ=,hU5ipEJmtkiJgfX8E9nRD1UWI2U=
54,36,msS5sJviOlZkpLsRxW6fF1+iqXQ=,hU5ipEJmtkiJgfX8E9nRD1UWI2U=
60,36,msS5sJviOlZkpLsRxW6fF1+iqXQ=,hOtVf5r+nN6fQeoazOfWA93F3Pc=
50,34,msS5sJviOlZkpLsRxW6fF1+iqXQ=,hU5ipEJmtkiJgfX8E9nRD1UWI2U=
59,36,msS5sJviOlZkpLsRxW6fF1+iqXQ=,hOtVf5r+nN6fQeoazOfWA93F3Pc=
53,36,msS5sJviOlZkpLsRxW6fF1+iqXQ=,hU5ipEJmtkiJgfX8E9nRD1UWI2U=
58,36,msS5sJviOlZkpLsRxW6fF1+iqXQ=,hOtVf5r+nN6fQeoazOfWA93F3Pc=
52,36,msS5sJviOlZkpLsRxW6fF1+iqXQ=,hU5ipEJmtkiJgfX8E9nRD1UWI2U=
57,36,msS5sJviOlZkpLsRxW6fF1+iqXQ=,hOtVf5r+nN6fQeoazOfWA93F3Pc=
51,36,msS5sJviOlZkpLsRxW6fF1+iqXQ=,hU5ipEJmtkiJgfX8E9nRD1UWI2U=
63,35,msS5sJviOlZkpLsRxW6fF1+iqXQ=,hOtVf5r+nN6fQeoazOfWA93F3Pc=
62,35,msS5sJviOlZkpLsRxW6fF1+iqXQ=,hOtVf5r+nN6fQeoazOfWA93F3Pc=
53,32,msS5sJviOlZkpLsRxW6fF1+iqXQ=,hU5ipEJmtkiJgfX8E9nRD1UWI2U=
50,36,msS5sJviOlZkpLsRxW6fF1+iqXQ=,hU5ipEJmtkiJgfX8E9nRD1UWI2U=
61,35,msS5sJviOlZkpLsRxW6fF1+iqXQ=,hOtVf5r+nN6fQeoazOfWA93F3Pc=
49,34,msS5sJviOlZkpLsRxW6fF1+iqXQ=,hU5ipEJmtkiJgfX8E9nRD1UWI2U=
60,35,msS5sJviOlZkpLsRxW6fF1+iqXQ=,hOtVf5r+nN6fQeoazOfWA93F3Pc=
56,36,msS5sJviOlZkpLsRxW6fF1+iqXQ=,hOtVf5r+nN6fQeoazOfWA93F3Pc=
49,36,msS5sJviOlZkpLsRxW6fF1+iqXQ=,hU5ipEJmtkiJgfX8E9nRD1UWI2U=
48,36,msS5sJviOlZkpLsRxW6fF1+iqXQ=,hU5ipEJmtkiJgfX8E9nRD1UWI2U=
55,35,msS5sJviOlZkpLsRxW6fF1+iqXQ=,hU5ipEJmtkiJgfX8E9nRD1UWI2U=
54,35,msS5sJviOlZkpLsRxW6fF1+iqXQ=,hU5ipEJmtkiJgfX8E9nRD1UWI2U=
53,35,msS5sJviOlZkpLsRxW6fF1+iqXQ=,hU5ipEJmtkiJgfX8E9nRD1UWI2U=
52,35,msS5sJviOlZkpLsRxW6fF1+iqXQ=,hU5ipEJmtkiJgfX8E9nRD1UWI2U=
51,35,msS5sJviOlZkpLsRxW6fF1+iqXQ=,hU5ipEJmtkiJgfX8E9nRD1UWI2U=
52,32,msS5sJviOlZkpLsRxW6fF1+iqXQ=,hU5ipEJmtkiJgfX8E9nRD1UWI2U=
48,32,msS5sJviOlZkpLsRxW6fF1+iqXQ=,hU5ipEJmtkiJgfX8E9nRD1UWI2U=
48,34,msS5sJviOlZkpLsRxW6fF1+iqXQ=,hU5ipEJmtkiJgfX8E9nRD1UWI2U=
50,35,msS5sJviOlZkpLsRxW6fF1+iqXQ=,hU5ipEJmtkiJgfX8E9nRD1UWI2U=
49,35,msS5sJviOlZkpLsRxW6fF1+iqXQ=,hU5ipEJmtkiJgfX8E9nRD1UWI2U=
48,35,msS5sJviOlZkpLsRxW6fF1+iqXQ=,hU5ipEJmtkiJgfX8E9nRD1UWI2U=
55,34,msS5sJviOlZkpLsRxW6fF1+iqXQ=,hU5ipEJmtkiJgfX8E9nRD1UWI2U=
54,34,msS5sJviOlZkpLsRxW6fF1+iqXQ=,hU5ipEJmtkiJgfX8E9nRD1UWI2U=
